nes_NAS_1_vs_NAS_0	fdr_NAS_1_vs_NAS_0	nes_NAS_2_vs_NAS_1	fdr_NAS_2_vs_NAS_1	nes_NAS_3_vs_NAS_2	fdr_NAS_3_vs_NAS_2	nes_NAS_4_vs_NAS_3	fdr_NAS_4_vs_NAS_3	nes_NAS_5_vs_NAS_4	fdr_NAS_5_vs_NAS_4	nes_NAS_6_vs_NAS_5	fdr_NAS_6_vs_NAS_5	nes_NAS_7_vs_NAS_6	fdr_NAS_7_vs_NAS_6
ABL1	1	1	1	1	1	1	1	1	1	1	1	1	1	1
ADNP	1	1	1	1	1	1	1	1	1	1	1	1	1	1
ADNP2	1	1	1	1	1	1	1	1	1	1	1	1	1	1
AEBP1	1	1	1	1	1	1	1	1	1	1	1	1	1	1
AEBP2	1	1	1	1	1	1	1	1	1	1	1	1	1	1
AHR	-0.623875046782355	0.769099555796086	0.968697394147891	0.786715534571812	0.466731705963271	0.978420451943337	0.559634365623018	0.718883062222547	1.78749645302511	0.208061375720897	0.443739813294962	0.976172081720909	1.48954763057808	0.431442246070823
AHRR	1	1	1	1	1	1	1	1	1	1	1	1	1	1
AIP	1	1	1	1	1	1	1	1	1	1	1	1	1	1
AIRE	1	1	1	1	1	1	1	1	1	1	1	1	1	1
AKNA	1	1	1	1	1	1	1	1	1	1	1	1	1	1
ALX1	1	1	1	1	1	1	1	1	1	1	1	1	1	1
ALX3	1	1	1	1	1	1	1	1	1	1	1	1	1	1
ALX4	1	1	1	1	1	1	1	1	1	1	1	1	1	1
ANKRD1	1	1	1	1	1	1	1	1	1	1	1	1	1	1
AP1	3.93796062275036	0.00189829045353671	0.424377273645515	0.928846269587052	0.186312570382362	0.978420451943337	3.49693285199786	0.00517704308581451	5.55509759527578	9.15607093601118e-07	-0.367158216242004	0.976172081720909	3.91260811697954	0.00840736101062759
APBB1	1	1	1	1	1	1	1	1	1	1	1	1	1	1
APEX1	1	1	1	1	1	1	1	1	1	1	1	1	1	1
AR	0.822098381189668	0.650313900409384	-2.7147106860474	0.186178365982038	1.13860438253387	0.978420451943337	0.312381743494113	0.858853929907223	-0.0796479493449345	0.974720360749527	1.054927090717	0.962321347823288	2.03617034687324	0.283540629188773
ARHGAP35	1	1	1	1	1	1	1	1	1	1	1	1	1	1
ARID1A	1	1	1	1	1	1	1	1	1	1	1	1	1	1
ARID1B	1	1	1	1	1	1	1	1	1	1	1	1	1	1
ARID3A	1	1	1	1	1	1	1	1	1	1	1	1	1	1
ARID3B	1	1	1	1	1	1	1	1	1	1	1	1	1	1
ARID4A	1	1	1	1	1	1	1	1	1	1	1	1	1	1
ARID4B	1	1	1	1	1	1	1	1	1	1	1	1	1	1
ARID5A	1	1	1	1	1	1	1	1	1	1	1	1	1	1
ARID5B	1	1	1	1	1	1	1	1	1	1	1	1	1	1
ARNT	-0.0315496025953924	0.983345044572103	1.15296442191904	0.709897187721409	-0.232119180962656	0.978420451943337	-0.984164834298464	0.53250328573685	-0.681403885247897	0.669516303783951	0.408537732054135	0.976172081720909	0.38992135223868	0.879308069399151
ARNT2	1	1	1	1	1	1	1	1	1	1	1	1	1	1
ARX	1	1	1	1	1	1	1	1	1	1	1	1	1	1
ASCL1	-1.38910711359535	0.390245708172099	2.20019587895328	0.356676840633786	-1.05515209787081	0.978420451943337	1.9915829599698	0.144493676179894	1.63750316261051	0.267388933102162	0.0737960640381001	0.984194289847463	1.60322402507845	0.382451510204153
ASCL2	1	1	1	1	1	1	1	1	1	1	1	1	1	1
ASCL4	1	1	1	1	1	1	1	1	1	1	1	1	1	1
ASH1L	1	1	1	1	1	1	1	1	1	1	1	1	1	1
ASXL1	1	1	1	1	1	1	1	1	1	1	1	1	1	1
ATF1	1.7393377883375	0.266708579070327	-0.957336115782424	0.786715534571812	0.548101048917292	0.978420451943337	2.38603860762527	0.0702527225046133	0.603833558559197	0.708513733819893	0.961841090267538	0.962321347823288	2.05279998487052	0.280643860125048
ATF2	1.6971399678127	0.272550217692941	-0.90106140382922	0.822203281210393	1.11212047509562	0.978420451943337	3.20647243149128	0.0129334185566642	2.57185838005437	0.0486804879664764	1.69364417390609	0.962321347823288	1.78262123783263	0.344873668875035
ATF3	0.904758900118237	0.598950446519217	-0.3562933107704	0.928846269587052	1.54360293587423	0.978420451943337	2.10001476282695	0.121368563497167	1.02845904769239	0.483879595268566	0.30769380694334	0.976172081720909	0.965890871259187	0.659630945824183
ATF4	1.562804443146	0.310008821881575	-1.67710846352776	0.532105822667991	1.36538004448672	0.978420451943337	1.70788460344615	0.235460274064156	0.668317189598697	0.673572152075645	0.470090895030456	0.976172081720909	2.01021618227774	0.284761669865183
ATF5	1	1	1	1	1	1	1	1	1	1	1	1	1	1
ATF6	4.87867800204867	0.000246706276142532	-3.31584992547029	0.0588806194556527	1.17098409402352	0.978420451943337	3.10211168752812	0.0158519995864671	0.789856723541344	0.620251527468963	0.700177763925912	0.962321347823288	0.886799805201251	0.704618910348326
ATF6B	1	1	1	1	1	1	1	1	1	1	1	1	1	1
ATF7	1	1	1	1	1	1	1	1	1	1	1	1	1	1
ATOH1	1	1	1	1	1	1	1	1	1	1	1	1	1	1
ATOH7	1	1	1	1	1	1	1	1	1	1	1	1	1	1
ATOH8	1	1	1	1	1	1	1	1	1	1	1	1	1	1
ATRX	1	1	1	1	1	1	1	1	1	1	1	1	1	1
BACH1	1	1	1	1	1	1	1	1	1	1	1	1	1	1
BACH2	1	1	1	1	1	1	1	1	1	1	1	1	1	1
BARHL2	1	1	1	1	1	1	1	1	1	1	1	1	1	1
BARX1	1	1	1	1	1	1	1	1	1	1	1	1	1	1
BARX2	1	1	1	1	1	1	1	1	1	1	1	1	1	1
BATF	1	1	1	1	1	1	1	1	1	1	1	1	1	1
BATF2	1	1	1	1	1	1	1	1	1	1	1	1	1	1
BATF3	1	1	1	1	1	1	1	1	1	1	1	1	1	1
BBX	1	1	1	1	1	1	1	1	1	1	1	1	1	1
BCL11A	1	1	1	1	1	1	1	1	1	1	1	1	1	1
BCL11B	1	1	1	1	1	1	1	1	1	1	1	1	1	1
BCL3	1	1	1	1	1	1	1	1	1	1	1	1	1	1
BCL6	1.72083692879185	0.269783745018326	0.886524453852788	0.822203281210393	-0.851637993997283	0.978420451943337	-1.37284789364476	0.344067687736911	2.55797869771748	0.0496331981085856	-1.2034531303553	0.962321347823288	0.195430372712677	0.945245380690548
BCL6B	1	1	1	1	1	1	1	1	1	1	1	1	1	1
BCLAF1	1	1	1	1	1	1	1	1	1	1	1	1	1	1
BCOR	1	1	1	1	1	1	1	1	1	1	1	1	1	1
BHLHA15	1	1	1	1	1	1	1	1	1	1	1	1	1	1
BHLHE22	1	1	1	1	1	1	1	1	1	1	1	1	1	1
BHLHE23	1	1	1	1	1	1	1	1	1	1	1	1	1	1
BHLHE40	1	1	1	1	1	1	1	1	1	1	1	1	1	1
BHLHE41	1	1	1	1	1	1	1	1	1	1	1	1	1	1
BMAL1	0.391734876207902	0.882604054841882	-0.379271928218123	0.928846269587052	-0.355691799049705	0.978420451943337	-0.85237497308027	0.598785443515666	0.867612966706006	0.582189821696339	0.558434255576319	0.976172081720909	0.447270465878193	0.869143857333691
BMAL2	1	1	1	1	1	1	1	1	1	1	1	1	1	1
BPTF	1	1	1	1	1	1	1	1	1	1	1	1	1	1
BRCA1	0.547438871606072	0.817708158328369	-0.991692853572335	0.773242128867977	-0.508964454160376	0.978420451943337	0.18739433490683	0.906277364922647	1.48989139676511	0.296928258704345	-0.0586405981504394	0.987435265983899	0.460906013056835	0.863500125481444
BRD4	1	1	1	1	1	1	1	1	1	1	1	1	1	1
BRD7	1	1	1	1	1	1	1	1	1	1	1	1	1	1
BSX	1	1	1	1	1	1	1	1	1	1	1	1	1	1
BTAF1	1	1	1	1	1	1	1	1	1	1	1	1	1	1
BTG2	1	1	1	1	1	1	1	1	1	1	1	1	1	1
CAMTA1	1	1	1	1	1	1	1	1	1	1	1	1	1	1
CARF	1	1	1	1	1	1	1	1	1	1	1	1	1	1
CASZ1	1	1	1	1	1	1	1	1	1	1	1	1	1	1
CBFA2T3	1	1	1	1	1	1	1	1	1	1	1	1	1	1
CBFB	1	1	1	1	1	1	1	1	1	1	1	1	1	1
CC2D1A	1	1	1	1	1	1	1	1	1	1	1	1	1	1
CC2D1B	1	1	1	1	1	1	1	1	1	1	1	1	1	1
CCDC62	1	1	1	1	1	1	1	1	1	1	1	1	1	1
CCND1	1	1	1	1	1	1	1	1	1	1	1	1	1	1
CDC5L	1	1	1	1	1	1	1	1	1	1	1	1	1	1
CDX1	1	1	1	1	1	1	1	1	1	1	1	1	1	1
CDX2	0.299418609647572	0.89321949000788	1.6748126724912	0.532105822667991	-0.489277142173376	0.978420451943337	0.29597399870548	0.867796148083194	-0.0763570118292321	0.974720360749527	0.705659510510644	0.962321347823288	-0.151972637630294	0.945245380690548
CDX4	1	1	1	1	1	1	1	1	1	1	1	1	1	1
CEBPA	-0.259896667921337	0.902409652210158	0.77720808099509	0.855553555385704	-0.456797247428986	0.978420451943337	-1.17980536215822	0.423045646177777	0.883791845458169	0.573558053531852	-2.50565110801644	0.564684854840983	1.23321325199371	0.540978198094148
CEBPB	2.42305639617693	0.0952947770758617	0.40758361361726	0.928846269587052	0.219407864978657	0.978420451943337	1.29899422288653	0.370272775519231	1.42101252448002	0.320333306747162	0.0132626358625372	0.994352278424599	1.76154746278147	0.347147631259433
CEBPD	1.80018209511386	0.262973920662313	-0.141570904070877	0.966397351123826	0.823438744424648	0.978420451943337	0.876285475428874	0.590562919327179	1.99367432232452	0.148185400473051	0.913630645017043	0.962321347823288	0.785874280394387	0.733664736837223
CEBPE	1	1	1	1	1	1	1	1	1	1	1	1	1	1
CEBPG	1.07618252329548	0.533658537047404	0.85893498279194	0.827311427107514	1.40011485415774	0.978420451943337	-0.138960873986197	0.935249677246221	2.11769463307565	0.121544870860161	-0.599050025899326	0.976172081720909	2.59823161591707	0.113925874130604
CEBPZ	1	1	1	1	1	1	1	1	1	1	1	1	1	1
CGGBP1	1	1	1	1	1	1	1	1	1	1	1	1	1	1
CHD4	1	1	1	1	1	1	1	1	1	1	1	1	1	1
CIC	1	1	1	1	1	1	1	1	1	1	1	1	1	1
CIITA	1	1	1	1	1	1	1	1	1	1	1	1	1	1
CITED2	1	1	1	1	1	1	1	1	1	1	1	1	1	1
CLOCK	0.687530068372937	0.732864280246629	-0.373997490848666	0.928846269587052	-0.320584807118561	0.978420451943337	-0.625500542678755	0.69210368066977	-0.314596616327996	0.852298695098072	0.87691565603203	0.962321347823288	-0.12764669645725	0.947657537956056
CNOT4	1	1	1	1	1	1	1	1	1	1	1	1	1	1
CNOT7	1	1	1	1	1	1	1	1	1	1	1	1	1	1
COPS5	1	1	1	1	1	1	1	1	1	1	1	1	1	1
CREB1	2.93312241692861	0.0322987617122307	1.24789663325951	0.681127495389319	0.39052373770881	0.978420451943337	1.40685321209535	0.337961307305225	3.23553645755019	0.00849900654875645	0.495719609726499	0.976172081720909	1.61460210660142	0.382451510204153
CREB3	1	1	1	1	1	1	1	1	1	1	1	1	1	1
CREB3L1	1	1	1	1	1	1	1	1	1	1	1	1	1	1
CREB3L2	1	1	1	1	1	1	1	1	1	1	1	1	1	1
CREB3L3	1	1	1	1	1	1	1	1	1	1	1	1	1	1
CREB3L4	1	1	1	1	1	1	1	1	1	1	1	1	1	1
CREB5	1	1	1	1	1	1	1	1	1	1	1	1	1	1
CREBBP	1	1	1	1	1	1	1	1	1	1	1	1	1	1
CREBL2	1	1	1	1	1	1	1	1	1	1	1	1	1	1
CREBRF	1	1	1	1	1	1	1	1	1	1	1	1	1	1
CREBZF	1	1	1	1	1	1	1	1	1	1	1	1	1	1
CREG1	1	1	1	1	1	1	1	1	1	1	1	1	1	1
CREM	-0.63494673421285	0.766872395653447	-0.962851506793037	0.786715534571812	-0.299481278433764	0.978420451943337	-1.95701315721309	0.151037764421299	0.376997412959457	0.819731391191181	0.121653194875115	0.984194289847463	-1.84429932972517	0.327113722404807
CRX	1	1	1	1	1	1	1	1	1	1	1	1	1	1
CTBP1	1	1	1	1	1	1	1	1	1	1	1	1	1	1
CTBP2	1	1	1	1	1	1	1	1	1	1	1	1	1	1
CTCF	1.98320530138277	0.201146197857909	-1.93166033804557	0.474451283616697	0.98123749587305	0.978420451943337	-0.33614454438807	0.850959958907884	-0.313862218876585	0.852298695098072	0.359206003087596	0.976172081720909	0.705538628364185	0.749930732929822
CTCFL	1	1	1	1	1	1	1	1	1	1	1	1	1	1
CTNNB1	1.7550726673288	0.265304768356888	-0.296610511853898	0.936177224214436	0.405977041942196	0.978420451943337	2.00921907085761	0.140859072686222	1.90031981042843	0.169966136984308	1.24122278904304	0.962321347823288	2.12534208051075	0.258397211361678
CUX1	1.98274625727324	0.201146197857909	1.88591450687099	0.501782119125467	1.03054173552434	0.978420451943337	0.630215162941766	0.69210368066977	2.59292255421779	0.0477889774407502	0.162990705777738	0.976172081720909	2.63896062083832	0.108138836470701
CUX2	1	1	1	1	1	1	1	1	1	1	1	1	1	1
CXXC1	1	1	1	1	1	1	1	1	1	1	1	1	1	1
DACH1	1	1	1	1	1	1	1	1	1	1	1	1	1	1
DACH2	1	1	1	1	1	1	1	1	1	1	1	1	1	1
DAXX	1	1	1	1	1	1	1	1	1	1	1	1	1	1
DBP	1	1	1	1	1	1	1	1	1	1	1	1	1	1
DBX1	1	1	1	1	1	1	1	1	1	1	1	1	1	1
DDIT3	2.1359735363038	0.157280060027101	-1.41579453995344	0.597746905470603	2.37662944252916	0.576563791367189	2.78449115835298	0.0294864804952378	1.09962714619802	0.455435051500771	0.661582259372736	0.962321347823288	1.72219919963439	0.357140447139152
DDX5	1	1	1	1	1	1	1	1	1	1	1	1	1	1
DEAF1	1	1	1	1	1	1	1	1	1	1	1	1	1	1
DLX1	1	1	1	1	1	1	1	1	1	1	1	1	1	1
DLX2	1	1	1	1	1	1	1	1	1	1	1	1	1	1
DLX3	1	1	1	1	1	1	1	1	1	1	1	1	1	1
DLX4	0.55832192268077	0.812196813485095	0.174625984510054	0.966397351123826	-0.628157803098926	0.978420451943337	2.06497333711493	0.12845422643442	0.0740585317725897	0.974720360749527	0.13000773418145	0.984194289847463	0.654568690239325	0.77923820886346
DLX5	1	1	1	1	1	1	1	1	1	1	1	1	1	1
DLX6	1	1	1	1	1	1	1	1	1	1	1	1	1	1
DMAP1	1	1	1	1	1	1	1	1	1	1	1	1	1	1
DMBX1	1	1	1	1	1	1	1	1	1	1	1	1	1	1
DMRT1	1	1	1	1	1	1	1	1	1	1	1	1	1	1
DMRT3	1	1	1	1	1	1	1	1	1	1	1	1	1	1
DMRTA1	1	1	1	1	1	1	1	1	1	1	1	1	1	1
DMRTA2	1	1	1	1	1	1	1	1	1	1	1	1	1	1
DMTF1	1	1	1	1	1	1	1	1	1	1	1	1	1	1
DNAJC1	1	1	1	1	1	1	1	1	1	1	1	1	1	1
DNAJC2	1	1	1	1	1	1	1	1	1	1	1	1	1	1
DNMT1	2.38775638880844	0.0978953408113107	-0.736186527496024	0.866939600902105	1.01706815217822	0.978420451943337	1.27243562768368	0.375547570259375	-0.0165241168549441	0.991106767733396	0.570476781338956	0.976172081720909	0.87107706887966	0.705088687947248
DNMT3A	0.130860739414449	0.951747600489646	-0.0102538619277705	0.99181874524463	-0.319656893175205	0.978420451943337	0.958446774589815	0.545737529867082	-1.76387295031311	0.213821772778203	0.68084115361674	0.962321347823288	-0.746578030996983	0.737725947668591
DNMT3B	-0.381610821783008	0.882604054841882	1.27968404561261	0.681127495389319	0.147417651977109	0.978420451943337	-0.419074731013163	0.809050510638361	-0.024920488583374	0.991106767733396	-0.66279306118186	0.962321347823288	0.0576732339849658	0.967346656291701
DNMT3L	1	1	1	1	1	1	1	1	1	1	1	1	1	1
DOT1L	1	1	1	1	1	1	1	1	1	1	1	1	1	1
DPF3	1	1	1	1	1	1	1	1	1	1	1	1	1	1
DR1	1	1	1	1	1	1	1	1	1	1	1	1	1	1
DRAP1	1	1	1	1	1	1	1	1	1	1	1	1	1	1
DRGX	1	1	1	1	1	1	1	1	1	1	1	1	1	1
DTX1	1	1	1	1	1	1	1	1	1	1	1	1	1	1
DUX4	1	1	1	1	1	1	1	1	1	1	1	1	1	1
E2F1	0.935444970262745	0.595839206372512	0.744158493967401	0.866939600902105	0.909855341086529	0.978420451943337	3.56320233771848	0.00426380901693515	4.8370755969009	2.53644400756828e-05	-0.728063980547354	0.962321347823288	4.22161110020757	0.00560319022937812
E2F2	-0.330181383902223	0.89321949000788	-1.0194500109782	0.773242128867977	1.45369174578586	0.978420451943337	-0.615850423062328	0.69210368066977	2.00723054712295	0.145514124246403	0.0865607837975174	0.984194289847463	2.81677206369748	0.101868771375584
E2F3	0.241830834194246	0.902409652210158	-1.00236949864205	0.773242128867977	0.80007275496877	0.978420451943337	-0.684908606354345	0.669411677090801	2.49907155621512	0.0552351455863807	-0.222016031326656	0.976172081720909	2.75527083682089	0.104205111818684
E2F4	0.928059899804087	0.595839206372512	-0.875598499078963	0.822203281210393	1.67403736347446	0.978420451943337	1.88587128037062	0.173432175693338	0.882685598976539	0.573558053531852	1.27646068752855	0.962321347823288	1.52453269647627	0.420788878544681
E2F5	1	1	1	1	1	1	1	1	1	1	1	1	1	1
E2F6	1	1	1	1	1	1	1	1	1	1	1	1	1	1
E2F7	1	1	1	1	1	1	1	1	1	1	1	1	1	1
E2F8	1	1	1	1	1	1	1	1	1	1	1	1	1	1
E4F1	1	1	1	1	1	1	1	1	1	1	1	1	1	1
EBF1	1	1	1	1	1	1	1	1	1	1	1	1	1	1
EBF2	1	1	1	1	1	1	1	1	1	1	1	1	1	1
EBF3	1	1	1	1	1	1	1	1	1	1	1	1	1	1
EGR1	4.08224986378473	0.00128787715111708	-0.126378087724882	0.966397351123826	0.506452587232854	0.978420451943337	3.07108729044246	0.01698891796751	3.17565122534624	0.0101572450245493	0.730037006873729	0.962321347823288	2.78192746438529	0.104021448261385
EGR2	0.631295645855381	0.766872395653447	1.31576464919932	0.649051552828829	-0.650911263245137	0.978420451943337	1.41450605563315	0.337961307305225	0.985927719334194	0.505965829518421	-0.242116482387233	0.976172081720909	1.22215407020829	0.540978198094148
EGR3	1	1	1	1	1	1	1	1	1	1	1	1	1	1
EGR4	1	1	1	1	1	1	1	1	1	1	1	1	1	1
EHF	1	1	1	1	1	1	1	1	1	1	1	1	1	1
EID1	1	1	1	1	1	1	1	1	1	1	1	1	1	1
EID2B	1	1	1	1	1	1	1	1	1	1	1	1	1	1
ELF1	1.98452896604788	0.201146197857909	1.40361262234339	0.597746905470603	-1.09996245346974	0.978420451943337	1.59250400944442	0.282163952849537	1.54914124947695	0.280323623403547	-1.84167796532903	0.962321347823288	1.36533567160326	0.503368217548963
ELF2	1	1	1	1	1	1	1	1	1	1	1	1	1	1
ELF3	1	1	1	1	1	1	1	1	1	1	1	1	1	1
ELF4	0.877051713850546	0.612341349478121	1.5647613896623	0.555832123856062	-1.3770627316881	0.978420451943337	2.84737266431867	0.0261099450806627	2.52600783773236	0.0522544227746953	0.244771242631059	0.976172081720909	1.67177093759985	0.367698618679038
ELF5	1	1	1	1	1	1	1	1	1	1	1	1	1	1
ELK1	1.29601907160585	0.409434720234382	-0.597682588364408	0.907585380053808	-0.145975347553641	0.978420451943337	1.41482514363199	0.337961307305225	0.403739367287014	0.81549675609875	0.756607479496434	0.962321347823288	1.66704159264137	0.367698618679038
ELK3	1	1	1	1	1	1	1	1	1	1	1	1	1	1
ELK4	1	1	1	1	1	1	1	1	1	1	1	1	1	1
EMX1	1	1	1	1	1	1	1	1	1	1	1	1	1	1
EMX2	1	1	1	1	1	1	1	1	1	1	1	1	1	1
EN1	1	1	1	1	1	1	1	1	1	1	1	1	1	1
EN2	1	1	1	1	1	1	1	1	1	1	1	1	1	1
ENO1	1	1	1	1	1	1	1	1	1	1	1	1	1	1
EOMES	1	1	1	1	1	1	1	1	1	1	1	1	1	1
EP300	-1.46874707646517	0.348715151238231	1.44022625651737	0.597746905470603	-1.16125851210085	0.978420451943337	0.203841482892723	0.896704970160436	0.447403112082557	0.797517719426363	0.228672938784631	0.976172081720909	0.677025813858151	0.766139087023093
EPAS1	1.64681150180857	0.288362719141774	0.476828625364555	0.928846269587052	0.548499977897179	0.978420451943337	0.4512045222407	0.79669596189278	-1.43925254561428	0.312326531437258	-1.08641986347888	0.962321347823288	2.69011326880307	0.108138836470701
ERF	1	1	1	1	1	1	1	1	1	1	1	1	1	1
ERG	-0.103738616553645	0.954567730946156	0.183917270450988	0.966397351123826	-0.263132777369113	0.978420451943337	1.7366590490413	0.22946195763867	3.3587113745639	0.00583512022267701	-1.30322037840296	0.962321347823288	-0.0602761114482858	0.967346656291701
ESR1	3.42244380369219	0.00716803684726695	-1.0817092191059	0.747638319304483	0.964965909868815	0.978420451943337	2.40615139409528	0.0689645460608489	1.37526071281787	0.334973377952342	0.783864498249899	0.962321347823288	1.86163071094806	0.327113722404807
ESR2	1.48822441797404	0.346986673259946	-0.33153910387342	0.928846269587052	0.832955088189611	0.978420451943337	1.33811363227185	0.357081374628097	0.689114658271483	0.666844163916265	-0.600811363830405	0.976172081720909	0.798903830278484	0.730485484916668
ESRRA	1	1	1	1	1	1	1	1	1	1	1	1	1	1
ESRRB	1	1	1	1	1	1	1	1	1	1	1	1	1	1
ESRRG	1	1	1	1	1	1	1	1	1	1	1	1	1	1
ESX1	1	1	1	1	1	1	1	1	1	1	1	1	1	1
ETS1	4.37580794982356	0.000476023301377026	0.0999604980797722	0.969269247940633	0.432233517269767	0.978420451943337	5.21525408311071	8.48072344781707e-06	6.4568934008895	4.11465368209088e-09	-0.280957498061781	0.976172081720909	3.2893687005301	0.0331360898277373
ETS2	3.5620411278696	0.00472244489238117	0.677686915343933	0.871447892770771	-0.821889561800094	0.978420451943337	2.95158989302317	0.0215038073732822	2.79586381370038	0.0278066017671459	-0.495392563090881	0.976172081720909	2.14376520219538	0.258397211361678
ETV1	1	1	1	1	1	1	1	1	1	1	1	1	1	1
ETV2	1	1	1	1	1	1	1	1	1	1	1	1	1	1
ETV3	1	1	1	1	1	1	1	1	1	1	1	1	1	1
ETV4	0.7988465977774	0.662375904187179	0.437740154947577	0.928846269587052	1.3930184934944	0.978420451943337	3.57319701417006	0.00426380901693515	4.15605232062845	0.000393664977067487	0.296393881154276	0.976172081720909	2.25846436723071	0.24689194511768
ETV5	1	1	1	1	1	1	1	1	1	1	1	1	1	1
ETV6	1	1	1	1	1	1	1	1	1	1	1	1	1	1
ETV7	1	1	1	1	1	1	1	1	1	1	1	1	1	1
EVX1	1	1	1	1	1	1	1	1	1	1	1	1	1	1
EVX2	1	1	1	1	1	1	1	1	1	1	1	1	1	1
EWSR1	0.265819632921503	0.902409652210158	0.0965124713403863	0.969269247940633	-0.0489584606708756	0.97888251186766	0.548092739218759	0.724235988514907	-0.34856526204182	0.835985219886742	0.257330348694906	0.976172081720909	1.04670329812182	0.626611661051698
EZH2	1.03839418724921	0.552711989937861	-0.0826711023645139	0.971982511673436	-0.313206571878707	0.978420451943337	-0.0106027893874882	0.996311511150537	0.651997819225087	0.679011404578329	-1.20328931159582	0.962321347823288	0.673216551010798	0.766139087023093
FAM170A	1	1	1	1	1	1	1	1	1	1	1	1	1	1
FERD3L	1	1	1	1	1	1	1	1	1	1	1	1	1	1
FEV	1	1	1	1	1	1	1	1	1	1	1	1	1	1
FEZF1	1	1	1	1	1	1	1	1	1	1	1	1	1	1
FEZF2	1	1	1	1	1	1	1	1	1	1	1	1	1	1
FGF2	1	1	1	1	1	1	1	1	1	1	1	1	1	1
FHL2	1	1	1	1	1	1	1	1	1	1	1	1	1	1
FIGLA	1	1	1	1	1	1	1	1	1	1	1	1	1	1
FIZ1	1	1	1	1	1	1	1	1	1	1	1	1	1	1
FLI1	1.06799820306387	0.536222971269889	1.41314918909346	0.597746905470603	-1.40388763366431	0.978420451943337	2.28044893985647	0.0869371420236857	2.26377472386537	0.0944958445875926	-0.779232272102701	0.962321347823288	0.516249388807455	0.828499250935862
FLYWCH1	1	1	1	1	1	1	1	1	1	1	1	1	1	1
FOS	2.69274009364208	0.060631074664269	0.281768104608579	0.936177224214436	0.401945747644417	0.978420451943337	2.95556392225925	0.0215038073732822	4.80280229041557	2.78018017221167e-05	0.0314145095701272	0.992111275594177	3.06608021708142	0.0626255781097106
FOSB	0.320877797455563	0.89321949000788	0.106682031172545	0.969269247940633	1.46247972585512	0.978420451943337	1.37876226438069	0.344067687736911	1.45686142721748	0.304824734483857	0.00123968386395252	0.999010875638026	-0.18174952178134	0.945245380690548
FOSL1	1.3740087037305	0.390245708172099	-0.180686715841027	0.966397351123826	-0.919737628496696	0.978420451943337	2.48688890831462	0.0583685512629029	-1.97284184645705	0.150981890827152	0.478153058771919	0.976172081720909	0.158282938678662	0.945245380690548
FOSL2	1	1	1	1	1	1	1	1	1	1	1	1	1	1
FOXA1	-0.453327169209084	0.863264868530294	-0.922006655507349	0.807424500437023	1.26584055536664	0.978420451943337	-0.89041700592577	0.590562919327179	0.598257121302918	0.709348583098156	-0.469502027199972	0.976172081720909	0.0567005791012707	0.967346656291701
FOXA2	-0.399412769351002	0.882604054841882	-1.18357783251394	0.700641419826166	-0.117973064549228	0.978420451943337	-1.39190866862561	0.341193360816658	-0.448219822380618	0.797517719426363	0.206244272811834	0.976172081720909	0.562340822951783	0.815279498415149
FOXA3	1	1	1	1	1	1	1	1	1	1	1	1	1	1
FOXC1	1	1	1	1	1	1	1	1	1	1	1	1	1	1
FOXC2	1	1	1	1	1	1	1	1	1	1	1	1	1	1
FOXD1	1	1	1	1	1	1	1	1	1	1	1	1	1	1
FOXD2	1	1	1	1	1	1	1	1	1	1	1	1	1	1
FOXD3	1	1	1	1	1	1	1	1	1	1	1	1	1	1
FOXD4	1	1	1	1	1	1	1	1	1	1	1	1	1	1
FOXE1	1	1	1	1	1	1	1	1	1	1	1	1	1	1
FOXF1	1	1	1	1	1	1	1	1	1	1	1	1	1	1
FOXF2	1	1	1	1	1	1	1	1	1	1	1	1	1	1
FOXG1	1	1	1	1	1	1	1	1	1	1	1	1	1	1
FOXH1	1	1	1	1	1	1	1	1	1	1	1	1	1	1
FOXI1	1	1	1	1	1	1	1	1	1	1	1	1	1	1
FOXI3	1	1	1	1	1	1	1	1	1	1	1	1	1	1
FOXJ1	1	1	1	1	1	1	1	1	1	1	1	1	1	1
FOXJ2	1	1	1	1	1	1	1	1	1	1	1	1	1	1
FOXJ3	1	1	1	1	1	1	1	1	1	1	1	1	1	1
FOXK1	1	1	1	1	1	1	1	1	1	1	1	1	1	1
FOXK2	1	1	1	1	1	1	1	1	1	1	1	1	1	1
FOXL1	1	1	1	1	1	1	1	1	1	1	1	1	1	1
FOXL2	1	1	1	1	1	1	1	1	1	1	1	1	1	1
FOXM1	-0.0628989424904117	0.970861290598678	-0.276144705278421	0.93649186386405	0.357765588810257	0.978420451943337	0.417982447666471	0.809050510638361	-0.114621432420246	0.962599265619881	0.827307482756906	0.962321347823288	1.99628768653066	0.284761669865183
FOXN1	0.504520965622251	0.841510651292131	0.126342598015258	0.966397351123826	0.150991681901516	0.978420451943337	0.58358685235634	0.706251962450113	0.667504181118978	0.673572152075645	0.96017724158006	0.962321347823288	-0.418190577415947	0.872227334258624
FOXN3	1	1	1	1	1	1	1	1	1	1	1	1	1	1
FOXN4	1	1	1	1	1	1	1	1	1	1	1	1	1	1
FOXO1	-1.32597421958431	0.399064885236904	2.46703905362275	0.222291659284288	-0.743225878267073	0.978420451943337	-0.796845767398513	0.62713945694563	2.2615336826257	0.0944958445875926	-2.12970998576331	0.766817529939942	0.835315681973855	0.717096753647067
FOXO3	-1.21204713403146	0.456922738775578	1.3629796372134	0.633926070177397	-1.15926859871086	0.978420451943337	-0.893723632715783	0.590562919327179	1.62160143170831	0.268055455547507	-1.03737544912193	0.962321347823288	1.1124940909769	0.615963182073338
FOXO4	1	1	1	1	1	1	1	1	1	1	1	1	1	1
FOXO6	1	1	1	1	1	1	1	1	1	1	1	1	1	1
FOXP1	1	1	1	1	1	1	1	1	1	1	1	1	1	1
FOXP2	1	1	1	1	1	1	1	1	1	1	1	1	1	1
FOXP3	-0.843246075420591	0.635792984611426	0.41353262239646	0.928846269587052	0.638498947181314	0.978420451943337	-0.367633907181468	0.838089185259883	1.09473539843346	0.455435051500771	-2.73997907524778	0.525776022054959	2.10499019339716	0.26298352757347
FOXP4	1	1	1	1	1	1	1	1	1	1	1	1	1	1
FOXQ1	1	1	1	1	1	1	1	1	1	1	1	1	1	1
FOXS1	1	1	1	1	1	1	1	1	1	1	1	1	1	1
FUS	1	1	1	1	1	1	1	1	1	1	1	1	1	1
GABPA	1.20119739663751	0.461346448844257	0.0114176798230056	0.99181874524463	-0.388164811943632	0.978420451943337	-0.108494847690245	0.946593465223415	0.546274352188354	0.750592616632425	-0.905549121204705	0.962321347823288	-0.591854507149614	0.815279498415149
GATA1	2.57030501899472	0.0782389355228677	-1.65648938449661	0.532105822667991	1.23116472854038	0.978420451943337	0.279150232283681	0.867796148083194	0.70728987107651	0.660010725865446	-0.449404549143826	0.976172081720909	-0.464183797385095	0.863500125481444
GATA2	0.390845359172073	0.882604054841882	1.14050495611763	0.715750652185616	0.0424126402266528	0.97888251186766	0.98993655750065	0.531638463616988	2.15021193658545	0.115640999465227	-1.00546835934406	0.962321347823288	0.794495372955402	0.730485484916668
GATA3	0.304881450946971	0.89321949000788	-0.391103683808219	0.928846269587052	-0.346414003278045	0.978420451943337	0.690299848324226	0.669411677090801	0.446770645589614	0.797517719426363	-0.195146739758862	0.976172081720909	0.239843140695313	0.93233114259575
GATA4	0.399857374133996	0.882604054841882	0.290385106066529	0.936177224214436	-1.98183551936976	0.931244946489854	1.7786891837125	0.214718017647482	1.46002773449815	0.304824734483857	-2.00285634682529	0.949046905405413	0.547580331037349	0.817572137166875
GATA5	1	1	1	1	1	1	1	1	1	1	1	1	1	1
GATA6	1.9224092501444	0.217276539173257	-0.820131562336803	0.83623278549262	-0.713179772916412	0.978420451943337	2.82803933530768	0.0270466647636024	0.442689322504509	0.797517719426363	-0.299820610233799	0.976172081720909	0.340888005788276	0.918622410979011
GATAD2B	1	1	1	1	1	1	1	1	1	1	1	1	1	1
GBX2	1	1	1	1	1	1	1	1	1	1	1	1	1	1
GCM1	1	1	1	1	1	1	1	1	1	1	1	1	1	1
GCM2	1	1	1	1	1	1	1	1	1	1	1	1	1	1
GFI1	0.299899828272449	0.89321949000788	-0.339264382143208	0.928846269587052	-0.235479754896011	0.978420451943337	-0.210148489642875	0.896426503307891	-1.35941798054461	0.334977289972483	-1.30237706306341	0.962321347823288	0.182401681198499	0.945245380690548
GFI1B	1	1	1	1	1	1	1	1	1	1	1	1	1	1
GLI1	-0.262892802566696	0.902409652210158	2.67006803253704	0.186178365982038	-0.611670329018989	0.978420451943337	2.16351107189759	0.112547018565689	2.57758353201838	0.0486804879664764	-0.760543183343501	0.962321347823288	1.96420008766308	0.293233133470411
GLI2	0.179402474057804	0.917178750614706	0.460867290764253	0.928846269587052	-0.720382870135666	0.978420451943337	1.4074538040602	0.337961307305225	1.63589076697759	0.267388933102162	0.368173902526281	0.976172081720909	1.5941620896651	0.382451510204153
GLI3	0.203934700541684	0.91354455618538	-0.049282128916686	0.981948763509901	0.614959855373992	0.978420451943337	0.625297968961117	0.69210368066977	2.00854658875517	0.145514124246403	-0.0805977198740073	0.984194289847463	1.335955415779	0.509040346928111
GLIS1	1	1	1	1	1	1	1	1	1	1	1	1	1	1
GLIS3	1	1	1	1	1	1	1	1	1	1	1	1	1	1
GMEB1	1	1	1	1	1	1	1	1	1	1	1	1	1	1
GRHL1	1	1	1	1	1	1	1	1	1	1	1	1	1	1
GRHL2	1	1	1	1	1	1	1	1	1	1	1	1	1	1
GRHL3	1	1	1	1	1	1	1	1	1	1	1	1	1	1
GSC	1	1	1	1	1	1	1	1	1	1	1	1	1	1
GSC2	1	1	1	1	1	1	1	1	1	1	1	1	1	1
GSX1	1	1	1	1	1	1	1	1	1	1	1	1	1	1
GSX2	1	1	1	1	1	1	1	1	1	1	1	1	1	1
GTF2A1	1	1	1	1	1	1	1	1	1	1	1	1	1	1
GTF2B	1	1	1	1	1	1	1	1	1	1	1	1	1	1
GTF2F1	1	1	1	1	1	1	1	1	1	1	1	1	1	1
GTF2I	1	1	1	1	1	1	1	1	1	1	1	1	1	1
GTF2IRD1	1	1	1	1	1	1	1	1	1	1	1	1	1	1
GTF3A	1	1	1	1	1	1	1	1	1	1	1	1	1	1
GZF1	1	1	1	1	1	1	1	1	1	1	1	1	1	1
HAND1	1	1	1	1	1	1	1	1	1	1	1	1	1	1
HAND2	1	1	1	1	1	1	1	1	1	1	1	1	1	1
HBP1	0.255761510429678	0.902409652210158	1.23926308999361	0.681127495389319	0.703887539606545	0.978420451943337	0.861334484058965	0.595175092529291	2.70791611987725	0.0347563279778927	0.356314499272085	0.976172081720909	0.733793292705711	0.737725947668591
HCFC1	1	1	1	1	1	1	1	1	1	1	1	1	1	1
HDAC1	-1.77685108442946	0.262973920662313	1.11752242822286	0.734109693493816	-0.951483107679198	0.978420451943337	-2.12062588059277	0.1181736916403	-1.73202287673803	0.226297082872254	-0.605785004679877	0.976172081720909	-1.07050059606532	0.626611661051698
HDAC3	1	1	1	1	1	1	1	1	1	1	1	1	1	1
HDAC4	1	1	1	1	1	1	1	1	1	1	1	1	1	1
HDAC5	1	1	1	1	1	1	1	1	1	1	1	1	1	1
HDAC7	1	1	1	1	1	1	1	1	1	1	1	1	1	1
HDAC9	1	1	1	1	1	1	1	1	1	1	1	1	1	1
HDGF	1	1	1	1	1	1	1	1	1	1	1	1	1	1
HELT	1	1	1	1	1	1	1	1	1	1	1	1	1	1
HES1	0.751683558760071	0.682795809005035	-0.196938325742188	0.966397351123826	-0.766918164507251	0.978420451943337	1.53196974724997	0.302247296931256	1.66031507834757	0.260146516149044	0.491581007656154	0.976172081720909	1.28983177324156	0.509040346928111
HES3	1	1	1	1	1	1	1	1	1	1	1	1	1	1
HES4	1	1	1	1	1	1	1	1	1	1	1	1	1	1
HES5	1	1	1	1	1	1	1	1	1	1	1	1	1	1
HES6	1	1	1	1	1	1	1	1	1	1	1	1	1	1
HES7	1	1	1	1	1	1	1	1	1	1	1	1	1	1
HESX1	1	1	1	1	1	1	1	1	1	1	1	1	1	1
HEY1	1	1	1	1	1	1	1	1	1	1	1	1	1	1
HEY2	1	1	1	1	1	1	1	1	1	1	1	1	1	1
HEYL	1	1	1	1	1	1	1	1	1	1	1	1	1	1
HHEX	1	1	1	1	1	1	1	1	1	1	1	1	1	1
HIC1	1	1	1	1	1	1	1	1	1	1	1	1	1	1
HIF1A	2.45345342924911	0.0952947770758617	0.662877719759459	0.875714041485287	1.38728438467243	0.978420451943337	1.58759926045604	0.282163952849537	2.24022547775078	0.0981800445414439	-0.362726698052236	0.976172081720909	2.70780818655463	0.108138836470701
HIF3A	1	1	1	1	1	1	1	1	1	1	1	1	1	1
HINFP	1	1	1	1	1	1	1	1	1	1	1	1	1	1
HIPK2	1	1	1	1	1	1	1	1	1	1	1	1	1	1
HIRA	1	1	1	1	1	1	1	1	1	1	1	1	1	1
HIVEP1	1	1	1	1	1	1	1	1	1	1	1	1	1	1
HIVEP2	1	1	1	1	1	1	1	1	1	1	1	1	1	1
HIVEP3	1	1	1	1	1	1	1	1	1	1	1	1	1	1
HLF	1	1	1	1	1	1	1	1	1	1	1	1	1	1
HLX	1	1	1	1	1	1	1	1	1	1	1	1	1	1
HMBOX1	1	1	1	1	1	1	1	1	1	1	1	1	1	1
HMG20B	1	1	1	1	1	1	1	1	1	1	1	1	1	1
HMGA1	3.07358089038587	0.0222081656093304	0.410900204477997	0.928846269587052	0.418561122696189	0.978420451943337	3.17535725024013	0.0138278570803402	2.93251597351817	0.0199150209210616	-0.869017602361893	0.962321347823288	0.818192775794844	0.723182459257444
HMGA2	-0.373246925033106	0.885247782563646	-1.46247537966839	0.597746905470603	0.993762708774976	0.978420451943337	2.08069260214914	0.125416433791057	-1.08910666318852	0.455576305634744	1.08179444540311	0.962321347823288	0.579988845600181	0.815279498415149
HMGB1	1	1	1	1	1	1	1	1	1	1	1	1	1	1
HMGB2	1	1	1	1	1	1	1	1	1	1	1	1	1	1
HMGXB4	1	1	1	1	1	1	1	1	1	1	1	1	1	1
HMX1	1	1	1	1	1	1	1	1	1	1	1	1	1	1
HMX2	1	1	1	1	1	1	1	1	1	1	1	1	1	1
HMX3	1	1	1	1	1	1	1	1	1	1	1	1	1	1
HNF1A	-1.00350018122744	0.565179264972514	0.34742662368499	0.928846269587052	-0.887804058769362	0.978420451943337	-2.58666901073683	0.04688991622439	-1.19816805859773	0.408591202632856	1.15541958411837	0.962321347823288	0.177739469647972	0.945245380690548
HNF1B	-0.112349360283979	0.951747600489646	-0.347485551668297	0.928846269587052	0.692718548922089	0.978420451943337	-1.49220040405482	0.309438751716182	1.30048927453831	0.363277229362144	1.20908375920251	0.962321347823288	0.950637563728403	0.666903651334643
HNF4A	2.32811042799245	0.109484323982309	-0.0243884527393654	0.989106451184781	-0.497776681374623	0.978420451943337	0.439731709036855	0.802580848488053	-2.04235015016012	0.13967622491462	2.6081108463007	0.525776022054959	1.60402513761797	0.382451510204153
HNF4G	1	1	1	1	1	1	1	1	1	1	1	1	1	1
HOPX	1	1	1	1	1	1	1	1	1	1	1	1	1	1
HOXA1	1	1	1	1	1	1	1	1	1	1	1	1	1	1
HOXA10	1.47022710621486	0.348715151238231	0.16318594048112	0.966397351123826	0.0362112908237243	0.979595227076934	0.620159940162979	0.69210368066977	-0.288807979525894	0.862320015329233	-0.187962257531098	0.976172081720909	1.00050732285536	0.656638640180746
HOXA11	1	1	1	1	1	1	1	1	1	1	1	1	1	1
HOXA13	1	1	1	1	1	1	1	1	1	1	1	1	1	1
HOXA2	1	1	1	1	1	1	1	1	1	1	1	1	1	1
HOXA3	1	1	1	1	1	1	1	1	1	1	1	1	1	1
HOXA4	1	1	1	1	1	1	1	1	1	1	1	1	1	1
HOXA5	1	1	1	1	1	1	1	1	1	1	1	1	1	1
HOXA7	1	1	1	1	1	1	1	1	1	1	1	1	1	1
HOXA9	1	1	1	1	1	1	1	1	1	1	1	1	1	1
HOXB1	1	1	1	1	1	1	1	1	1	1	1	1	1	1
HOXB13	1	1	1	1	1	1	1	1	1	1	1	1	1	1
HOXB2	1	1	1	1	1	1	1	1	1	1	1	1	1	1
HOXB3	1	1	1	1	1	1	1	1	1	1	1	1	1	1
HOXB4	1	1	1	1	1	1	1	1	1	1	1	1	1	1
HOXB5	1	1	1	1	1	1	1	1	1	1	1	1	1	1
HOXB6	1	1	1	1	1	1	1	1	1	1	1	1	1	1
HOXB7	1	1	1	1	1	1	1	1	1	1	1	1	1	1
HOXB8	1	1	1	1	1	1	1	1	1	1	1	1	1	1
HOXB9	1	1	1	1	1	1	1	1	1	1	1	1	1	1
HOXC10	1	1	1	1	1	1	1	1	1	1	1	1	1	1
HOXC11	1	1	1	1	1	1	1	1	1	1	1	1	1	1
HOXC13	1	1	1	1	1	1	1	1	1	1	1	1	1	1
HOXC4	1	1	1	1	1	1	1	1	1	1	1	1	1	1
HOXC5	1	1	1	1	1	1	1	1	1	1	1	1	1	1
HOXC6	1	1	1	1	1	1	1	1	1	1	1	1	1	1
HOXC8	1	1	1	1	1	1	1	1	1	1	1	1	1	1
HOXC9	1	1	1	1	1	1	1	1	1	1	1	1	1	1
HOXD1	1	1	1	1	1	1	1	1	1	1	1	1	1	1
HOXD10	1	1	1	1	1	1	1	1	1	1	1	1	1	1
HOXD11	1	1	1	1	1	1	1	1	1	1	1	1	1	1
HOXD12	1	1	1	1	1	1	1	1	1	1	1	1	1	1
HOXD13	1	1	1	1	1	1	1	1	1	1	1	1	1	1
HOXD3	1	1	1	1	1	1	1	1	1	1	1	1	1	1
HOXD4	1	1	1	1	1	1	1	1	1	1	1	1	1	1
HOXD8	1	1	1	1	1	1	1	1	1	1	1	1	1	1
HOXD9	1	1	1	1	1	1	1	1	1	1	1	1	1	1
HR	2.18367801433866	0.145559710736278	0.694453720171622	0.870022825574295	0.297299261410835	0.978420451943337	3.11661103734613	0.0156517704537889	3.09563803298474	0.0122611017040079	0.257747789630965	0.976172081720909	1.74042194384714	0.349857863600352
HSF1	1.7906082214725	0.262973920662313	-1.69952294215302	0.532105822667991	0.791735299897926	0.978420451943337	1.74512182529019	0.22808056909072	2.15226478578067	0.115640999465227	0.332854611940309	0.976172081720909	2.63448902288813	0.108138836470701
HSF2	1	1	1	1	1	1	1	1	1	1	1	1	1	1
HSF4	1	1	1	1	1	1	1	1	1	1	1	1	1	1
HTATIP2	1	1	1	1	1	1	1	1	1	1	1	1	1	1
ID1	2.40689650367326	0.0952947770758617	1.69596853219284	0.532105822667991	-0.439438094532494	0.978420451943337	0.0240708919422437	0.996311511150537	1.4739031202615	0.303339004745962	-0.171918480045986	0.976172081720909	1.30992854757573	0.509040346928111
ID2	1.31759863156642	0.401336927330327	-0.953040609518913	0.786715534571812	0.546723058364028	0.978420451943337	-0.868765393224858	0.59286221666449	0.659342025361201	0.676639041988743	-0.928061790729367	0.962321347823288	0.83527845780222	0.717096753647067
ID3	1	1	1	1	1	1	1	1	1	1	1	1	1	1
ID4	1	1	1	1	1	1	1	1	1	1	1	1	1	1
IKZF1	1	1	1	1	1	1	1	1	1	1	1	1	1	1
IKZF2	1	1	1	1	1	1	1	1	1	1	1	1	1	1
IKZF3	1	1	1	1	1	1	1	1	1	1	1	1	1	1
IKZF4	1	1	1	1	1	1	1	1	1	1	1	1	1	1
IKZF5	1	1	1	1	1	1	1	1	1	1	1	1	1	1
ING4	1	1	1	1	1	1	1	1	1	1	1	1	1	1
INSM1	1	1	1	1	1	1	1	1	1	1	1	1	1	1
IRF1	3.08567845112042	0.0222081656093304	3.40380964348572	0.0588806194556527	-1.59029155831773	0.978420451943337	2.69011792572177	0.0358686624680611	5.18717210042043	4.48373946447057e-06	-2.671118439374	0.525776022054959	1.10747137066602	0.615963182073338
IRF2	1.43147275788003	0.368820827099963	1.95167728908772	0.471023142862479	-1.97404733511976	0.931244946489854	2.04029041086388	0.134440078229607	1.92157019091853	0.163979587314899	-1.90460633441556	0.962321347823288	0.24803122075566	0.93233114259575
IRF2BPL	1	1	1	1	1	1	1	1	1	1	1	1	1	1
IRF3	0.443055468636438	0.863264868530294	1.58889130276927	0.555832123856062	-0.657550726200695	0.978420451943337	2.39841669679097	0.0691577098336348	2.45836831037949	0.0597049246175165	-0.709579989589277	0.962321347823288	0.58763654260845	0.815279498415149
IRF4	1.51961055767994	0.333805078000893	2.48315101002995	0.222291659284288	-1.4627430509596	0.978420451943337	2.75190075070145	0.0318299062873411	4.44403774314044	0.000119965238540644	-0.936612887396827	0.962321347823288	0.254311486035373	0.93233114259575
IRF5	1	1	1	1	1	1	1	1	1	1	1	1	1	1
IRF6	1	1	1	1	1	1	1	1	1	1	1	1	1	1
IRF7	1	1	1	1	1	1	1	1	1	1	1	1	1	1
IRF8	1.42805444607937	0.368820827099963	1.3532728486834	0.635136231932726	-1.29332597243752	0.978420451943337	-0.00462285168594999	0.996311511150537	4.59793977897005	6.16032647012853e-05	-1.29026606317707	0.962321347823288	0.995127799565114	0.656638640180746
IRF9	1	1	1	1	1	1	1	1	1	1	1	1	1	1
IRX1	1	1	1	1	1	1	1	1	1	1	1	1	1	1
IRX2	1	1	1	1	1	1	1	1	1	1	1	1	1	1
IRX3	1	1	1	1	1	1	1	1	1	1	1	1	1	1
IRX4	1	1	1	1	1	1	1	1	1	1	1	1	1	1
IRX5	1	1	1	1	1	1	1	1	1	1	1	1	1	1
ISL1	1	1	1	1	1	1	1	1	1	1	1	1	1	1
ISL2	1	1	1	1	1	1	1	1	1	1	1	1	1	1
ISX	1	1	1	1	1	1	1	1	1	1	1	1	1	1
JARID2	1	1	1	1	1	1	1	1	1	1	1	1	1	1
JAZF1	1	1	1	1	1	1	1	1	1	1	1	1	1	1
JDP2	1	1	1	1	1	1	1	1	1	1	1	1	1	1
JUN	3.83137644243107	0.00245299599688383	0.436848394670082	0.928846269587052	0.639725289659905	0.978420451943337	6.44176929755561	2.72784872638595e-08	7.0026015379116	1.16078731190476e-10	-0.713384226637321	0.962321347823288	3.43846985996271	0.027027538577024
JUNB	1.3393512940101	0.397003942458595	0.284750939700429	0.936177224214436	-0.461599215735896	0.978420451943337	1.95791923011267	0.151037764421299	1.14867670199697	0.432158447978232	-1.01071865697197	0.962321347823288	0.8729458058208	0.705088687947248
JUND	0.261558170563962	0.902409652210158	0.741789563986271	0.866939600902105	-0.366235675450716	0.978420451943337	3.67220696404188	0.00396766939120985	1.59840476909035	0.270203462043822	0.152285559162856	0.980870318740597	1.76476425437591	0.347147631259433
KAT2A	1	1	1	1	1	1	1	1	1	1	1	1	1	1
KAT2B	1	1	1	1	1	1	1	1	1	1	1	1	1	1
KAT5	0.886291226834659	0.610784522186401	-0.31123107478547	0.933419069533577	0.46754780976967	0.978420451943337	1.07361680702323	0.477165844082914	0.82536094842953	0.602022340322177	0.470280174956983	0.976172081720909	0.736549574129789	0.737725947668591
KAT6A	1	1	1	1	1	1	1	1	1	1	1	1	1	1
KAT6B	1	1	1	1	1	1	1	1	1	1	1	1	1	1
KAT7	2.53273142329558	0.0843355911303555	-0.684927664712112	0.870022825574295	0.765963067922736	0.978420451943337	2.29943049166606	0.0841016427245174	2.2700925871084	0.0944958445875926	0.0765690431686812	0.984194289847463	1.293806606658	0.509040346928111
KAT8	1	1	1	1	1	1	1	1	1	1	1	1	1	1
KCNIP3	1	1	1	1	1	1	1	1	1	1	1	1	1	1
KDM2A	1	1	1	1	1	1	1	1	1	1	1	1	1	1
KDM2B	1	1	1	1	1	1	1	1	1	1	1	1	1	1
KDM3B	1	1	1	1	1	1	1	1	1	1	1	1	1	1
KDM5A	1	1	1	1	1	1	1	1	1	1	1	1	1	1
KDM5B	1	1	1	1	1	1	1	1	1	1	1	1	1	1
KDM5C	1	1	1	1	1	1	1	1	1	1	1	1	1	1
KDM5D	1	1	1	1	1	1	1	1	1	1	1	1	1	1
KLF1	1	1	1	1	1	1	1	1	1	1	1	1	1	1
KLF10	1	1	1	1	1	1	1	1	1	1	1	1	1	1
KLF11	1	1	1	1	1	1	1	1	1	1	1	1	1	1
KLF12	1	1	1	1	1	1	1	1	1	1	1	1	1	1
KLF13	1	1	1	1	1	1	1	1	1	1	1	1	1	1
KLF14	1	1	1	1	1	1	1	1	1	1	1	1	1	1
KLF15	1	1	1	1	1	1	1	1	1	1	1	1	1	1
KLF16	1	1	1	1	1	1	1	1	1	1	1	1	1	1
KLF17	1	1	1	1	1	1	1	1	1	1	1	1	1	1
KLF2	1.64488135375333	0.288362719141774	-0.337213179184788	0.928846269587052	-0.63362958471862	0.978420451943337	1.24915942994174	0.38489104931797	0.454034905634881	0.797517719426363	-2.13439956504746	0.766817529939942	1.13214048482939	0.607141959163782
KLF3	1	1	1	1	1	1	1	1	1	1	1	1	1	1
KLF4	0.802369022513213	0.662375904187179	-1.08080246869396	0.747638319304483	1.37328393767002	0.978420451943337	0.396081348454853	0.824032984531736	1.05466513780273	0.474328407209457	-0.307040513937546	0.976172081720909	1.28420313954692	0.509040346928111
KLF5	2.64464227842604	0.0674662880959636	-0.110630531263721	0.969269247940633	1.38297832863269	0.978420451943337	3.61354565567642	0.00426380901693515	1.24242666426469	0.389388119718652	1.82262690723112	0.962321347823288	1.57873033526079	0.388616475945794
KLF6	0.758296405295555	0.681257842626825	-0.819175467175963	0.83623278549262	0.533408648862197	0.978420451943337	0.0751767486021762	0.963469213438339	0.761003643967048	0.636896788655185	-0.0470587537420605	0.992111275594177	1.06109218870178	0.626611661051698
KLF7	1	1	1	1	1	1	1	1	1	1	1	1	1	1
KLF8	1	1	1	1	1	1	1	1	1	1	1	1	1	1
KLF9	1	1	1	1	1	1	1	1	1	1	1	1	1	1
KMT2A	2.99388127224015	0.0276650731952461	-0.586499495054016	0.913416433150113	0.163896645137201	0.978420451943337	1.67852230071495	0.24758203143931	1.77856440328048	0.209601062926946	0.191907607588328	0.976172081720909	1.81624359779428	0.328877210694955
KMT2B	1	1	1	1	1	1	1	1	1	1	1	1	1	1
KMT2C	1	1	1	1	1	1	1	1	1	1	1	1	1	1
KMT2D	1	1	1	1	1	1	1	1	1	1	1	1	1	1
KMT2E	1	1	1	1	1	1	1	1	1	1	1	1	1	1
L3MBTL1	1	1	1	1	1	1	1	1	1	1	1	1	1	1
LBX1	1	1	1	1	1	1	1	1	1	1	1	1	1	1
LCOR	1	1	1	1	1	1	1	1	1	1	1	1	1	1
LDB1	1	1	1	1	1	1	1	1	1	1	1	1	1	1
LEF1	-0.381238064767516	0.882604054841882	1.25557086677238	0.681127495389319	0.303760869851561	0.978420451943337	0.62279891567077	0.69210368066977	1.37027623821353	0.334973377952342	-0.53333202224618	0.976172081720909	1.8134539658043	0.328877210694955
LHX1	1	1	1	1	1	1	1	1	1	1	1	1	1	1
LHX2	1	1	1	1	1	1	1	1	1	1	1	1	1	1
LHX3	1	1	1	1	1	1	1	1	1	1	1	1	1	1
LHX4	1	1	1	1	1	1	1	1	1	1	1	1	1	1
LHX5	1	1	1	1	1	1	1	1	1	1	1	1	1	1
LHX6	1	1	1	1	1	1	1	1	1	1	1	1	1	1
LHX8	1	1	1	1	1	1	1	1	1	1	1	1	1	1
LHX9	1	1	1	1	1	1	1	1	1	1	1	1	1	1
LIMD1	1	1	1	1	1	1	1	1	1	1	1	1	1	1
LIN28A	1	1	1	1	1	1	1	1	1	1	1	1	1	1
LITAF	1	1	1	1	1	1	1	1	1	1	1	1	1	1
LMO1	1	1	1	1	1	1	1	1	1	1	1	1	1	1
LMO2	1	1	1	1	1	1	1	1	1	1	1	1	1	1
LMO3	1	1	1	1	1	1	1	1	1	1	1	1	1	1
LMO4	1	1	1	1	1	1	1	1	1	1	1	1	1	1
LMX1A	1	1	1	1	1	1	1	1	1	1	1	1	1	1
LMX1B	1	1	1	1	1	1	1	1	1	1	1	1	1	1
LRRFIP1	1	1	1	1	1	1	1	1	1	1	1	1	1	1
LYAR	1	1	1	1	1	1	1	1	1	1	1	1	1	1
LYL1	1	1	1	1	1	1	1	1	1	1	1	1	1	1
MAF	1.23684149282534	0.442110120316448	-0.236985715881385	0.95778713453387	-0.868619751306307	0.978420451943337	-1.10952244482913	0.460629286249295	1.28920309929941	0.367602013639499	-0.889932188264233	0.962321347823288	-0.179993972646265	0.945245380690548
MAFA	1	1	1	1	1	1	1	1	1	1	1	1	1	1
MAFB	1	1	1	1	1	1	1	1	1	1	1	1	1	1
MAFF	1	1	1	1	1	1	1	1	1	1	1	1	1	1
MAFG	1	1	1	1	1	1	1	1	1	1	1	1	1	1
MAFK	1	1	1	1	1	1	1	1	1	1	1	1	1	1
MAML1	1	1	1	1	1	1	1	1	1	1	1	1	1	1
MAML2	1	1	1	1	1	1	1	1	1	1	1	1	1	1
MAX	1.69827869646119	0.272550217692941	-0.380314128057229	0.928846269587052	-0.155920575352979	0.978420451943337	0.774890866102224	0.634888284869738	1.3686396548096	0.334973377952342	-1.26331541781658	0.962321347823288	0.990065778614639	0.656638640180746
MAZ	1	1	1	1	1	1	1	1	1	1	1	1	1	1
MBD1	1	1	1	1	1	1	1	1	1	1	1	1	1	1
MBD2	-0.93704335896002	0.595839206372512	-0.502718591456702	0.928846269587052	-0.31437248872154	0.978420451943337	-0.321796191272616	0.858853929907223	1.38836116496581	0.333761902477117	-0.78730382299106	0.962321347823288	1.04568216173166	0.626611661051698
MBD3	1	1	1	1	1	1	1	1	1	1	1	1	1	1
MECOM	1	1	1	1	1	1	1	1	1	1	1	1	1	1
MECP2	1	1	1	1	1	1	1	1	1	1	1	1	1	1
MED1	1	1	1	1	1	1	1	1	1	1	1	1	1	1
MED12	1	1	1	1	1	1	1	1	1	1	1	1	1	1
MED15	1	1	1	1	1	1	1	1	1	1	1	1	1	1
MED23	1	1	1	1	1	1	1	1	1	1	1	1	1	1
MED26	1	1	1	1	1	1	1	1	1	1	1	1	1	1
MEF2A	1.37019220366056	0.390245708172099	2.10727927335103	0.386027167741985	-4.27814908488474	0.00217664129088719	2.11681577121794	0.1181736916403	-0.47717593590721	0.797517719426363	-0.230870406908547	0.976172081720909	0.300848116205232	0.918622410979011
MEF2B	1	1	1	1	1	1	1	1	1	1	1	1	1	1
MEF2C	-0.704923901738233	0.721286392142207	1.63832703943565	0.532105822667991	-4.0561513068694	0.00384137203201646	1.47978468749201	0.311582480475183	0.768501436298516	0.634445571459964	-1.51761855738797	0.962321347823288	-0.727089881392093	0.739153953325006
MEF2D	1	1	1	1	1	1	1	1	1	1	1	1	1	1
MEIS1	1	1	1	1	1	1	1	1	1	1	1	1	1	1
MEIS2	1	1	1	1	1	1	1	1	1	1	1	1	1	1
MEIS3	1	1	1	1	1	1	1	1	1	1	1	1	1	1
MEOX1	1	1	1	1	1	1	1	1	1	1	1	1	1	1
MEOX2	1	1	1	1	1	1	1	1	1	1	1	1	1	1
MESP1	1	1	1	1	1	1	1	1	1	1	1	1	1	1
MESP2	1	1	1	1	1	1	1	1	1	1	1	1	1	1
MGA	1	1	1	1	1	1	1	1	1	1	1	1	1	1
MID2	1	1	1	1	1	1	1	1	1	1	1	1	1	1
MIER1	1	1	1	1	1	1	1	1	1	1	1	1	1	1
MITF	0.36167982228392	0.89120210730484	1.47254582493899	0.597746905470603	-0.173896074162361	0.978420451943337	1.37377160921537	0.344067687736911	0.846718429206694	0.588090585930799	-1.27736193526665	0.962321347823288	0.560286840518557	0.815279498415149
MIXL1	1	1	1	1	1	1	1	1	1	1	1	1	1	1
MKX	1	1	1	1	1	1	1	1	1	1	1	1	1	1
MLX	1	1	1	1	1	1	1	1	1	1	1	1	1	1
MLXIP	1	1	1	1	1	1	1	1	1	1	1	1	1	1
MLXIPL	1	1	1	1	1	1	1	1	1	1	1	1	1	1
MNT	1	1	1	1	1	1	1	1	1	1	1	1	1	1
MNX1	1	1	1	1	1	1	1	1	1	1	1	1	1	1
MRTFA	1	1	1	1	1	1	1	1	1	1	1	1	1	1
MSC	1	1	1	1	1	1	1	1	1	1	1	1	1	1
MSGN1	1	1	1	1	1	1	1	1	1	1	1	1	1	1
MSX1	1	1	1	1	1	1	1	1	1	1	1	1	1	1
MSX2	1	1	1	1	1	1	1	1	1	1	1	1	1	1
MTA1	1.5818878350432	0.305645369430874	-0.748952229261002	0.866939600902105	-0.171700547333306	0.978420451943337	1.86898404993891	0.177942284199462	1.40462346378867	0.327352094336145	1.49740818174643	0.962321347823288	1.3376512941186	0.509040346928111
MTA2	1	1	1	1	1	1	1	1	1	1	1	1	1	1
MTA3	1	1	1	1	1	1	1	1	1	1	1	1	1	1
MTF1	1	1	1	1	1	1	1	1	1	1	1	1	1	1
MTF2	1	1	1	1	1	1	1	1	1	1	1	1	1	1
MUC1	1	1	1	1	1	1	1	1	1	1	1	1	1	1
MXD1	1	1	1	1	1	1	1	1	1	1	1	1	1	1
MXD4	1	1	1	1	1	1	1	1	1	1	1	1	1	1
MXI1	1	1	1	1	1	1	1	1	1	1	1	1	1	1
MYB	1.76897088119127	0.262973920662313	2.58627820617868	0.203739033538718	-0.810029660508242	0.978420451943337	2.71233325128058	0.035075977937431	2.84859139847116	0.0247413609178458	-0.102103687793244	0.984194289847463	1.59403813267228	0.382451510204153
MYBBP1A	1	1	1	1	1	1	1	1	1	1	1	1	1	1
MYBL1	1	1	1	1	1	1	1	1	1	1	1	1	1	1
MYBL2	-0.0105276124350224	0.991600335732937	-0.0288751823231407	0.989106451184781	0.280270429974075	0.978420451943337	-0.230229451865827	0.895440821015393	0.730705745924109	0.654637908341871	-0.415658837443613	0.976172081720909	1.87637131302003	0.327113722404807
MYC	2.01777629847328	0.201146197857909	-0.395889514399245	0.928846269587052	1.86673795207039	0.978420451943337	0.419501750573425	0.809050510638361	3.57101172519985	0.00304239810870945	-1.33695751111769	0.962321347823288	2.86190806009733	0.101868771375584
MYCL	1	1	1	1	1	1	1	1	1	1	1	1	1	1
MYCN	3.68583181981368	0.00351053560082455	-1.33324964722327	0.638574620997521	0.364233259423194	0.978420451943337	3.59975887405039	0.00426380901693515	1.60949654186386	0.268055455547507	-0.6666289898695	0.962321347823288	1.82264295550886	0.328877210694955
MYF5	1	1	1	1	1	1	1	1	1	1	1	1	1	1
MYF6	1	1	1	1	1	1	1	1	1	1	1	1	1	1
MYOCD	1	1	1	1	1	1	1	1	1	1	1	1	1	1
MYOD1	1.46951522298946	0.348715151238231	3.09976916323013	0.089476240858631	-3.23180665155341	0.0710384241428757	0.79564631333526	0.62713945694563	-0.435951566060923	0.797517719426363	-0.690349848736814	0.962321347823288	0.676857646741093	0.766139087023093
MYOG	-0.505171118882118	0.841510651292131	1.81179577009809	0.505123290570153	-4.60696495949639	0.000943840178555777	0.725007381950012	0.659825444526525	-1.01908933547206	0.487569099906934	-1.16829684159468	0.962321347823288	-0.407782259761516	0.872227334258624
MYRF	1	1	1	1	1	1	1	1	1	1	1	1	1	1
MYT1	1	1	1	1	1	1	1	1	1	1	1	1	1	1
MYT1L	1	1	1	1	1	1	1	1	1	1	1	1	1	1
MZF1	1	1	1	1	1	1	1	1	1	1	1	1	1	1
NAB1	1	1	1	1	1	1	1	1	1	1	1	1	1	1
NAB2	1	1	1	1	1	1	1	1	1	1	1	1	1	1
NACC1	1	1	1	1	1	1	1	1	1	1	1	1	1	1
NACC2	1	1	1	1	1	1	1	1	1	1	1	1	1	1
NANOG	0.558818370860821	0.812196813485095	0.406570223088316	0.928846269587052	-0.0683789537772499	0.978420451943337	1.56203856831731	0.293789533970787	-0.205487439630705	0.912222607134308	0.177119880155233	0.976172081720909	0.827864496885391	0.719004680921682
NANOGP8	1	1	1	1	1	1	1	1	1	1	1	1	1	1
NCOA1	1.63947583075596	0.288362719141774	-2.12511394685239	0.386027167741985	0.886225282005687	0.978420451943337	-0.0719836726733233	0.963469213438339	-0.691294289601217	0.666844163916265	1.50705661530221	0.962321347823288	-0.320280572261895	0.918622410979011
NCOA2	0.391860056968368	0.882604054841882	-0.647711376810195	0.875714041485287	-0.0952301343352063	0.978420451943337	-1.26686898720504	0.376203922371584	-0.732155085884685	0.654637908341871	1.72771435157073	0.962321347823288	-0.140888810549695	0.945245380690548
NCOA3	0.910763087608705	0.597993355347939	-0.869805456834165	0.822203281210393	0.738617604783889	0.978420451943337	0.569423075297298	0.714429092639558	0.955645384693157	0.525953549883092	1.07982904225255	0.962321347823288	1.04467996267034	0.626611661051698
NCOA4	1	1	1	1	1	1	1	1	1	1	1	1	1	1
NCOA6	1	1	1	1	1	1	1	1	1	1	1	1	1	1
NCOR1	0.116144194556435	0.951747600489646	1.56777287163737	0.555832123856062	-0.158969111852537	0.978420451943337	-0.365505546779694	0.838089185259883	-0.309274324741139	0.852298695098072	0.978071417545872	0.962321347823288	-0.252866612459068	0.93233114259575
NCOR2	-0.975670134069675	0.576148924685155	-0.754978994467517	0.866939600902105	-0.237337134787048	0.978420451943337	-0.280894528652559	0.867796148083194	-2.94459200124151	0.0196581478565573	1.27094082414195	0.962321347823288	0.313721220282431	0.918622410979011
NDN	1	1	1	1	1	1	1	1	1	1	1	1	1	1
NEUROD1	0.291472158268166	0.894620322355657	-0.178989036847557	0.966397351123826	0.774624923410223	0.978420451943337	0.00565513189990039	0.996311511150537	-0.616907393538195	0.701216565363135	0.293061885794957	0.976172081720909	-0.314799139095835	0.918622410979011
NEUROD2	1	1	1	1	1	1	1	1	1	1	1	1	1	1
NEUROD4	1	1	1	1	1	1	1	1	1	1	1	1	1	1
NEUROD6	1	1	1	1	1	1	1	1	1	1	1	1	1	1
NEUROG1	1	1	1	1	1	1	1	1	1	1	1	1	1	1
NEUROG2	1	1	1	1	1	1	1	1	1	1	1	1	1	1
NEUROG3	1	1	1	1	1	1	1	1	1	1	1	1	1	1
NFAT5	0.567195605799058	0.812196813485095	2.44626407355088	0.222291659284288	1.12357156171564	0.978420451943337	0.108232824685901	0.946593465223415	3.93166244404618	0.000927965094843745	-0.538888084885658	0.976172081720909	2.02354807612124	0.283910036422302
NFATC1	-0.305709576583217	0.89321949000788	1.5144915894631	0.588376047833546	-2.10447108042054	0.931244946489854	1.98708000875457	0.144493676179894	3.1500448021784	0.0107741981529328	0.565818787143989	0.976172081720909	1.37766042683999	0.498451073957076
NFATC2	0.502023984678931	0.841510651292131	1.07678110562257	0.747638319304483	-0.664633627262259	0.978420451943337	1.92960704114167	0.15890296235112	3.79593373584408	0.00137075385317744	-1.58949527361286	0.962321347823288	0.231719467263904	0.934012946785217
NFATC3	1	1	1	1	1	1	1	1	1	1	1	1	1	1
NFATC4	1.74835705815692	0.265327321952192	-1.33882015106979	0.638574620997521	-1.18773250089158	0.978420451943337	2.49335813739692	0.0583685512629029	-0.262976696881032	0.880208330841462	0.0892685724516442	0.984194289847463	0.416762021842008	0.872227334258624
NFE2	1	1	1	1	1	1	1	1	1	1	1	1	1	1
NFE2L1	1	1	1	1	1	1	1	1	1	1	1	1	1	1
NFE2L2	0.226223456815372	0.902409652210158	0.445898203294703	0.928846269587052	1.43269225779885	0.978420451943337	0.609342127296904	0.69210368066977	-0.440569494071726	0.797517719426363	2.19644633800561	0.766817529939942	1.68819147862748	0.36392249180978
NFE2L3	1	1	1	1	1	1	1	1	1	1	1	1	1	1
NFIA	-1.10403363883803	0.518938700735298	-0.706735414088237	0.870022825574295	0.404908325824504	0.978420451943337	-1.46446353970183	0.317774568304416	0.707431331388219	0.660010725865446	-0.734798574263347	0.962321347823288	-0.141598643160665	0.945245380690548
NFIB	1	1	1	1	1	1	1	1	1	1	1	1	1	1
NFIC	-0.30650129577431	0.89321949000788	-2.11738108834394	0.386027167741985	0.954376771854096	0.978420451943337	0.681526326734566	0.669411677090801	0.0499782428430747	0.990144092794533	0.944751112835345	0.962321347823288	-0.0321908442339121	0.975682487540342
NFIL3	1	1	1	1	1	1	1	1	1	1	1	1	1	1
NFIX	1	1	1	1	1	1	1	1	1	1	1	1	1	1
NFKB	4.35442542743891	0.000476023301377026	1.10288193499694	0.742715710602772	-0.281982863369709	0.978420451943337	4.09300128774553	0.00089423324505786	7.25525353235528	2.31525624084424e-11	-1.08978675195877	0.962321347823288	2.83108331144426	0.101868771375584
NFKB1	3.68682693950955	0.00351053560082455	1.87155752671837	0.501782119125467	-0.81735167619349	0.978420451943337	5.57823877818596	2.80625721141531e-06	9.00626984230664	4.92455505264816e-17	-0.764484586400914	0.962321347823288	3.76611215069964	0.0095754890632392
NFKB2	2.42207035051849	0.0952947770758617	2.51408640509047	0.222291659284288	-0.969352480346845	0.978420451943337	2.86339667663982	0.0258952334859982	4.21425555669433	0.000321607700454434	-0.090734999244441	0.984194289847463	2.13082356513803	0.258397211361678
NFKBIB	1	1	1	1	1	1	1	1	1	1	1	1	1	1
NFKBIE	1	1	1	1	1	1	1	1	1	1	1	1	1	1
NFKBIZ	1	1	1	1	1	1	1	1	1	1	1	1	1	1
NFX1	1	1	1	1	1	1	1	1	1	1	1	1	1	1
NFYA	2.07107170853026	0.180802734883422	-0.849507542065165	0.830757764069784	1.57073460051007	0.978420451943337	2.9512347588337	0.0215038073732822	-0.795774272789985	0.619142831778584	1.08777179989599	0.962321347823288	1.49635503372004	0.431442246070823
NFYB	1	1	1	1	1	1	1	1	1	1	1	1	1	1
NFYC	1	1	1	1	1	1	1	1	1	1	1	1	1	1
NHLH1	1	1	1	1	1	1	1	1	1	1	1	1	1	1
NHLH2	1	1	1	1	1	1	1	1	1	1	1	1	1	1
NKRF	1	1	1	1	1	1	1	1	1	1	1	1	1	1
NKX2-1	2.13847099665038	0.157280060027101	0.337603866450077	0.928846269587052	1.16539570435372	0.978420451943337	1.18302630959379	0.423045646177777	-0.248883821200597	0.886127734039247	1.5365682260021	0.962321347823288	-0.575659890631528	0.815279498415149
NKX2-2	1	1	1	1	1	1	1	1	1	1	1	1	1	1
NKX2-3	1	1	1	1	1	1	1	1	1	1	1	1	1	1
NKX2-5	0.224763235335369	0.902409652210158	0.382754883444042	0.928846269587052	-2.81241538824111	0.212632362727338	0.876191630471578	0.590562919327179	-1.04030903578065	0.478356640880487	-1.07789220800242	0.962321347823288	-0.947161625360785	0.666903651334643
NKX2-6	1	1	1	1	1	1	1	1	1	1	1	1	1	1
NKX2-8	1	1	1	1	1	1	1	1	1	1	1	1	1	1
NKX3-1	1.96413748358169	0.204245870150184	0.143505745228304	0.966397351123826	1.43303365705627	0.978420451943337	2.13865514084767	0.115370669129547	-0.189408666036043	0.921584296234363	0.72053193503685	0.962321347823288	0.0781662693857629	0.966998786558451
NKX3-2	1	1	1	1	1	1	1	1	1	1	1	1	1	1
NKX6-1	1	1	1	1	1	1	1	1	1	1	1	1	1	1
NKX6-2	1	1	1	1	1	1	1	1	1	1	1	1	1	1
NKX6-3	1	1	1	1	1	1	1	1	1	1	1	1	1	1
NME2	1	1	1	1	1	1	1	1	1	1	1	1	1	1
NOBOX	1	1	1	1	1	1	1	1	1	1	1	1	1	1
NONO	1	1	1	1	1	1	1	1	1	1	1	1	1	1
NOTCH1	0.762457927256983	0.681257842626825	1.26823616920727	0.681127495389319	-1.00489291650268	0.978420451943337	1.28394217283067	0.374036307421575	-0.241191474685039	0.886127734039247	0.172824804197333	0.976172081720909	0.734532795967297	0.737725947668591
NOTO	1	1	1	1	1	1	1	1	1	1	1	1	1	1
NPAS1	1	1	1	1	1	1	1	1	1	1	1	1	1	1
NPAS2	1	1	1	1	1	1	1	1	1	1	1	1	1	1
NPAS3	1	1	1	1	1	1	1	1	1	1	1	1	1	1
NPAS4	1	1	1	1	1	1	1	1	1	1	1	1	1	1
NPM1	1	1	1	1	1	1	1	1	1	1	1	1	1	1
NR0B1	1.23650658753296	0.442110120316448	-0.336134898671409	0.928846269587052	-0.68529708611116	0.978420451943337	0.727531190025231	0.659825444526525	-1.60761999572956	0.268055455547507	1.35868622246845	0.962321347823288	1.43793782766036	0.451355086267854
NR0B2	-0.0565208056310789	0.971753827626044	1.95954721946833	0.471023142862479	-0.802676895721218	0.978420451943337	1.392259599852	0.341193360816658	3.12675676573519	0.0113412074397761	-1.39541572886658	0.962321347823288	1.29935899151063	0.509040346928111
NR1D1	1	1	1	1	1	1	1	1	1	1	1	1	1	1
NR1D2	1	1	1	1	1	1	1	1	1	1	1	1	1	1
NR1H2	1.01746469907464	0.561916443920285	-1.05313757253372	0.767229605413185	-0.4024889894019	0.978420451943337	0.140828620173602	0.935249677246221	-1.27710178840797	0.372494547474144	1.60232185289483	0.962321347823288	0.0812631011111617	0.966998786558451
NR1H3	1.71456925283429	0.269783745018326	-2.03496316232701	0.439473087138069	0.197316784432799	0.978420451943337	0.018684284376335	0.996311511150537	0.469133429096315	0.797517719426363	1.07958428713109	0.962321347823288	1.22239902867657	0.540978198094148
NR1H4	-0.303257574655519	0.89321949000788	1.16349865210479	0.706361169022292	-0.878270218614553	0.978420451943337	-1.67217168591293	0.248037489117606	-0.994771548708034	0.502617322128452	0.457827881818723	0.976172081720909	0.778222138900986	0.735891923977115
NR1I2	0.127030532030167	0.951747600489646	-1.81508262278185	0.505123290570153	1.50824805647764	0.978420451943337	-0.880164373952262	0.590562919327179	-0.468988225417179	0.797517719426363	2.18937570741686	0.766817529939942	0.57706665725896	0.815279498415149
NR1I3	-1.58138493046529	0.305645369430874	0.433343357567506	0.928846269587052	-0.495970395926764	0.978420451943337	-1.35696276765975	0.348079245617874	-0.726391980642338	0.654637908341871	1.19095736312018	0.962321347823288	0.843409634141211	0.717096753647067
NR2C1	1	1	1	1	1	1	1	1	1	1	1	1	1	1
NR2C2	1.90548447047581	0.218360928265795	0.495234822983173	0.928846269587052	-0.0879034896335204	0.978420451943337	2.49053563800378	0.0583685512629029	1.19596070419476	0.408591202632856	-0.826623920158008	0.962321347823288	0.869463196591332	0.705088687947248
NR2E1	1	1	1	1	1	1	1	1	1	1	1	1	1	1
NR2E3	1	1	1	1	1	1	1	1	1	1	1	1	1	1
NR2F1	-0.0468127984232006	0.975329039452681	-0.385574066094768	0.928846269587052	-0.256881054757146	0.978420451943337	0.716254729030213	0.663367704815651	1.52814079835482	0.281180813412216	-0.197547139040999	0.976172081720909	0.0434807681618212	0.973749022275103
NR2F2	0.661834403167991	0.752345314389828	0.446408886917233	0.928846269587052	-0.133645557659636	0.978420451943337	0.22339037556133	0.896426503307891	2.49282865015838	0.0552351455863807	-0.703012287914892	0.962321347823288	0.74982840789888	0.737725947668591
NR2F6	1	1	1	1	1	1	1	1	1	1	1	1	1	1
NR3C1	-1.80202964776243	0.262973920662313	1.56363298544465	0.555832123856062	-0.138566093709363	0.978420451943337	-3.56710203579738	0.00426380901693515	1.38465324225301	0.333761902477117	-1.09957269964469	0.962321347823288	0.128852656708446	0.947657537956056
NR3C2	0.0209300270154039	0.987576697571317	-0.260858074833012	0.945673464406562	1.43002797429868	0.978420451943337	0.824047178810084	0.610902229530418	2.20422913513287	0.10417052459193	-1.02616454605349	0.962321347823288	1.29121933250462	0.509040346928111
NR4A1	1.00395963546665	0.565179264972514	-1.85923177998815	0.501782119125467	0.212610020308475	0.978420451943337	-0.116953522887699	0.946593465223415	-2.05797798806821	0.136504610907461	-0.107666440632836	0.984194289847463	0.14640593155923	0.945245380690548
NR4A2	-0.874732847956735	0.612341349478121	0.324677986015773	0.928846269587052	-0.0724046308639202	0.978420451943337	-1.59199175054234	0.282163952849537	0.392915026851713	0.81549675609875	0.347636326409145	0.976172081720909	-0.305066371119096	0.918622410979011
NR4A3	1	1	1	1	1	1	1	1	1	1	1	1	1	1
NR5A1	1.29798506682565	0.409434720234382	0.0975723027047409	0.969269247940633	0.945568683795968	0.978420451943337	0.691813060005894	0.669411677090801	-0.854231143192566	0.585662393360029	-0.328709111922192	0.976172081720909	2.24790395582933	0.24689194511768
NR5A2	-0.600897046111756	0.786129674146181	-1.00956630372635	0.773242128867977	0.990297573482851	0.978420451943337	-1.18165807227982	0.423045646177777	-1.52767911625807	0.281180813412216	-0.0732735031455313	0.984194289847463	0.709812517470497	0.749930732929822
NR6A1	1	1	1	1	1	1	1	1	1	1	1	1	1	1
NRF1	1.35322605934067	0.394681268005356	-1.76754788672679	0.524074569497825	1.43904296031553	0.978420451943337	-0.210098219730521	0.896426503307891	0.0172285513925941	0.991106767733396	-0.853751641977336	0.962321347823288	0.915652889546954	0.686984419324594
NRG1	1	1	1	1	1	1	1	1	1	1	1	1	1	1
NRIP1	1	1	1	1	1	1	1	1	1	1	1	1	1	1
NRL	1	1	1	1	1	1	1	1	1	1	1	1	1	1
NSD1	1	1	1	1	1	1	1	1	1	1	1	1	1	1
NSD2	1	1	1	1	1	1	1	1	1	1	1	1	1	1
NUCKS1	1	1	1	1	1	1	1	1	1	1	1	1	1	1
NUPR1	1	1	1	1	1	1	1	1	1	1	1	1	1	1
OLIG1	1	1	1	1	1	1	1	1	1	1	1	1	1	1
OLIG2	1	1	1	1	1	1	1	1	1	1	1	1	1	1
OLIG3	1	1	1	1	1	1	1	1	1	1	1	1	1	1
ONECUT1	1	1	1	1	1	1	1	1	1	1	1	1	1	1
ONECUT2	1	1	1	1	1	1	1	1	1	1	1	1	1	1
ONECUT3	1	1	1	1	1	1	1	1	1	1	1	1	1	1
OSR1	1	1	1	1	1	1	1	1	1	1	1	1	1	1
OSR2	1	1	1	1	1	1	1	1	1	1	1	1	1	1
OTP	1	1	1	1	1	1	1	1	1	1	1	1	1	1
OTX1	1	1	1	1	1	1	1	1	1	1	1	1	1	1
OTX2	1	1	1	1	1	1	1	1	1	1	1	1	1	1
OVOL1	1	1	1	1	1	1	1	1	1	1	1	1	1	1
OVOL2	1	1	1	1	1	1	1	1	1	1	1	1	1	1
PA2G4	1	1	1	1	1	1	1	1	1	1	1	1	1	1
PARK7	1	1	1	1	1	1	1	1	1	1	1	1	1	1
PARP10	1	1	1	1	1	1	1	1	1	1	1	1	1	1
PARP14	1	1	1	1	1	1	1	1	1	1	1	1	1	1
PARP9	1	1	1	1	1	1	1	1	1	1	1	1	1	1
PASD1	1	1	1	1	1	1	1	1	1	1	1	1	1	1
PATZ1	1	1	1	1	1	1	1	1	1	1	1	1	1	1
PAWR	1	1	1	1	1	1	1	1	1	1	1	1	1	1
PAX1	1	1	1	1	1	1	1	1	1	1	1	1	1	1
PAX2	1	1	1	1	1	1	1	1	1	1	1	1	1	1
PAX3	2.37637583023324	0.0985054131959196	0.80394934100486	0.844609323686302	-0.558267908999094	0.978420451943337	0.336156902393301	0.850959958907884	0.861231816684526	0.583665569854138	-0.59589380721115	0.976172081720909	1.28004006459065	0.509040346928111
PAX4	1	1	1	1	1	1	1	1	1	1	1	1	1	1
PAX5	1.15271482885593	0.489075198329224	1.64638033505632	0.532105822667991	-0.103342445446409	0.978420451943337	1.12151571987624	0.455171438505598	1.04081229183442	0.478356640880487	-0.268987538425563	0.976172081720909	0.890516894082223	0.704618910348326
PAX6	-0.189614460976151	0.917178750614706	-1.24145274846444	0.681127495389319	0.150745453046756	0.978420451943337	2.14705093141962	0.114739241588684	-0.0354760042414329	0.990772283256474	-0.807183568115758	0.962321347823288	1.31949761697703	0.509040346928111
PAX7	1	1	1	1	1	1	1	1	1	1	1	1	1	1
PAX8	1	1	1	1	1	1	1	1	1	1	1	1	1	1
PAX9	1	1	1	1	1	1	1	1	1	1	1	1	1	1
PBRM1	1	1	1	1	1	1	1	1	1	1	1	1	1	1
PBX1	2.77318356351887	0.0493192092326921	-0.835418620708493	0.83623278549262	-0.413808302982841	0.978420451943337	1.65317194460615	0.255127494604921	-0.159294098504359	0.938437145555006	-1.30239967695917	0.962321347823288	1.0411484502338	0.626611661051698
PBX2	1	1	1	1	1	1	1	1	1	1	1	1	1	1
PBX3	1	1	1	1	1	1	1	1	1	1	1	1	1	1
PBX4	1	1	1	1	1	1	1	1	1	1	1	1	1	1
PCBD1	1	1	1	1	1	1	1	1	1	1	1	1	1	1
PCGF2	1	1	1	1	1	1	1	1	1	1	1	1	1	1
PDX1	-0.324799022951294	0.89321949000788	-0.559869830258391	0.928846269587052	0.139489097937009	0.978420451943337	-1.71560801519319	0.235460274064156	-0.619400789321886	0.701216565363135	0.0370097243961366	0.992111275594177	0.438150270644121	0.872227334258624
PEG3	1	1	1	1	1	1	1	1	1	1	1	1	1	1
PER2	1	1	1	1	1	1	1	1	1	1	1	1	1	1
PGR	0.113632876382496	0.951747600489646	-0.230004970405671	0.959280744243956	1.51343896088491	0.978420451943337	-0.259520843720942	0.878942180961456	0.706290016575213	0.660010725865446	-0.0972897682442064	0.984194289847463	0.158732146078846	0.945245380690548
PHB1	1	1	1	1	1	1	1	1	1	1	1	1	1	1
PHF1	1	1	1	1	1	1	1	1	1	1	1	1	1	1
PHF20	1	1	1	1	1	1	1	1	1	1	1	1	1	1
PHF5A	1	1	1	1	1	1	1	1	1	1	1	1	1	1
PHF8	1	1	1	1	1	1	1	1	1	1	1	1	1	1
PHOX2A	1	1	1	1	1	1	1	1	1	1	1	1	1	1
PHOX2B	1	1	1	1	1	1	1	1	1	1	1	1	1	1
PIAS1	1	1	1	1	1	1	1	1	1	1	1	1	1	1
PIAS2	1	1	1	1	1	1	1	1	1	1	1	1	1	1
PIAS3	1	1	1	1	1	1	1	1	1	1	1	1	1	1
PIAS4	1	1	1	1	1	1	1	1	1	1	1	1	1	1
PIN1	1	1	1	1	1	1	1	1	1	1	1	1	1	1
PIR	1	1	1	1	1	1	1	1	1	1	1	1	1	1
PITX1	1	1	1	1	1	1	1	1	1	1	1	1	1	1
PITX2	1.05025600323541	0.546949183352543	-0.371679619450239	0.928846269587052	1.4796079250862	0.978420451943337	1.5316482209157	0.302247296931256	1.54683025583231	0.280323623403547	-1.05793845503284	0.962321347823288	0.407790452954542	0.872227334258624
PITX3	1	1	1	1	1	1	1	1	1	1	1	1	1	1
PKNOX1	1	1	1	1	1	1	1	1	1	1	1	1	1	1
PLAG1	1	1	1	1	1	1	1	1	1	1	1	1	1	1
PLAGL1	1	1	1	1	1	1	1	1	1	1	1	1	1	1
PLAGL2	1	1	1	1	1	1	1	1	1	1	1	1	1	1
PLSCR1	1	1	1	1	1	1	1	1	1	1	1	1	1	1
PML	1	1	1	1	1	1	1	1	1	1	1	1	1	1
POU1F1	-0.446996907786885	0.863264868530294	-0.945470565591765	0.787729877673241	0.0642497714552007	0.978420451943337	-0.277505214237895	0.867796148083194	-1.97660859573388	0.150981890827152	1.30707045150408	0.962321347823288	0.222985524135257	0.937139431281962
POU2AF1	1	1	1	1	1	1	1	1	1	1	1	1	1	1
POU2F1	0.915302145492428	0.597993355347939	2.85862984514614	0.140406730197145	-0.234961196654011	0.978420451943337	2.69433984146854	0.0358686624680611	1.56381788600563	0.280323623403547	-0.69274811423116	0.962321347823288	1.49749217417085	0.431442246070823
POU2F2	2.40835560363799	0.0952947770758617	0.0644836924261724	0.978228375757783	-0.0940142486002025	0.978420451943337	2.58480674575406	0.04688991622439	3.91636063947841	0.000943905286524974	-1.31937025516958	0.962321347823288	2.15716241511155	0.258397211361678
POU2F3	1	1	1	1	1	1	1	1	1	1	1	1	1	1
POU3F1	1	1	1	1	1	1	1	1	1	1	1	1	1	1
POU3F2	1	1	1	1	1	1	1	1	1	1	1	1	1	1
POU3F3	1	1	1	1	1	1	1	1	1	1	1	1	1	1
POU3F4	1	1	1	1	1	1	1	1	1	1	1	1	1	1
POU4F1	1	1	1	1	1	1	1	1	1	1	1	1	1	1
POU4F2	1	1	1	1	1	1	1	1	1	1	1	1	1	1
POU4F3	1	1	1	1	1	1	1	1	1	1	1	1	1	1
POU5F1	-0.782506453311863	0.672716950886853	0.829471065709007	0.83623278549262	1.0488239931661	0.978420451943337	1.30385083000813	0.370272775519231	0.104514319301143	0.962599265619881	0.956845421551085	0.962321347823288	0.175201493427786	0.945245380690548
POU6F1	1	1	1	1	1	1	1	1	1	1	1	1	1	1
POU6F2	1	1	1	1	1	1	1	1	1	1	1	1	1	1
PPARA	0.640766017760235	0.766872395653447	0.389728248784076	0.928846269587052	-1.56799556199809	0.978420451943337	-2.16100903592553	0.112547018565689	-1.17431330677561	0.417310280199991	-0.436002102095851	0.976172081720909	0.430891894166283	0.872227334258624
PPARD	0.222945501147984	0.902409652210158	1.80132044801137	0.505123290570153	0.0902813612445773	0.978420451943337	0.672236953689024	0.673435990899698	1.80224117869896	0.203928706575264	0.320669917372195	0.976172081720909	1.06377847444979	0.626611661051698
PPARG	1.86937478483415	0.233161138092479	-1.64424135945335	0.532105822667991	0.628768584445838	0.978420451943337	-2.35112173526422	0.0758527374977369	-1.2493200372337	0.387838077107818	0.79401563363583	0.962321347823288	0.560619446459215	0.815279498415149
PPARGC1A	1	1	1	1	1	1	1	1	1	1	1	1	1	1
PPARGC1B	1	1	1	1	1	1	1	1	1	1	1	1	1	1
PPP1R13L	1	1	1	1	1	1	1	1	1	1	1	1	1	1
PRDM1	0.465589833530836	0.863264868530294	1.20234854009767	0.696734047745798	0.0185612512871199	0.985783203458773	-0.287671448376656	0.867796148083194	2.1413932580897	0.116374689325884	-1.5037914929738	0.962321347823288	0.515603326346123	0.828499250935862
PRDM10	1	1	1	1	1	1	1	1	1	1	1	1	1	1
PRDM13	1	1	1	1	1	1	1	1	1	1	1	1	1	1
PRDM14	1	1	1	1	1	1	1	1	1	1	1	1	1	1
PRDM16	1	1	1	1	1	1	1	1	1	1	1	1	1	1
PRDM2	1	1	1	1	1	1	1	1	1	1	1	1	1	1
PRDM4	1	1	1	1	1	1	1	1	1	1	1	1	1	1
PRDM5	1	1	1	1	1	1	1	1	1	1	1	1	1	1
PRDM8	1	1	1	1	1	1	1	1	1	1	1	1	1	1
PREB	1	1	1	1	1	1	1	1	1	1	1	1	1	1
PRMT5	1	1	1	1	1	1	1	1	1	1	1	1	1	1
PROP1	1	1	1	1	1	1	1	1	1	1	1	1	1	1
PROX1	1	1	1	1	1	1	1	1	1	1	1	1	1	1
PRRX1	1	1	1	1	1	1	1	1	1	1	1	1	1	1
PRRX2	1	1	1	1	1	1	1	1	1	1	1	1	1	1
PTF1A	1	1	1	1	1	1	1	1	1	1	1	1	1	1
PURA	1	1	1	1	1	1	1	1	1	1	1	1	1	1
PURB	1	1	1	1	1	1	1	1	1	1	1	1	1	1
RARA	1.66751118003008	0.286238409628858	0.401550721895658	0.928846269587052	0.517895980072498	0.978420451943337	0.586614676644553	0.706251962450113	4.68654546704546	4.278968754597e-05	-1.65068326410492	0.962321347823288	2.22059720563405	0.253890706766226
RARB	2.57297992632485	0.0782389355228677	0.173360232732866	0.966397351123826	-0.288234140629593	0.978420451943337	0.783309804868761	0.633707865756317	0.0402805951484504	0.990772283256474	-0.0260383955878765	0.992111275594177	0.856274366173057	0.71272783047836
RARG	1	1	1	1	1	1	1	1	1	1	1	1	1	1
RAX	1	1	1	1	1	1	1	1	1	1	1	1	1	1
RB1	1	1	1	1	1	1	1	1	1	1	1	1	1	1
RBAK	1	1	1	1	1	1	1	1	1	1	1	1	1	1
RBBP8	1	1	1	1	1	1	1	1	1	1	1	1	1	1
RBCK1	1	1	1	1	1	1	1	1	1	1	1	1	1	1
RBFOX2	1	1	1	1	1	1	1	1	1	1	1	1	1	1
RBPJ	0.0841307981354631	0.966206238620065	1.58465545848308	0.555832123856062	-1.93543494666742	0.940648780569888	1.50035320153714	0.308437980182232	1.18419510767782	0.413587717060238	0.925244733444423	0.962321347823288	0.313122584885491	0.918622410979011
RBPJL	1	1	1	1	1	1	1	1	1	1	1	1	1	1
RCOR1	1	1	1	1	1	1	1	1	1	1	1	1	1	1
RCOR2	1	1	1	1	1	1	1	1	1	1	1	1	1	1
REL	3.71293767473597	0.00351053560082455	1.20296799632263	0.696734047745798	-0.0650870788170279	0.978420451943337	4.35878828857148	0.000335680360932195	5.45179298896952	1.27985505942317e-06	0.22821623151517	0.976172081720909	1.60195979890374	0.382451510204153
RELA	3.46075652339882	0.00654896859307906	2.27951084118494	0.307593026870466	-0.790062228711639	0.978420451943337	5.22237153611994	8.48072344781707e-06	7.50124533385487	4.86750479027321e-12	-1.05264648429527	0.962321347823288	3.32741424610089	0.0331360898277373
RELB	2.28309863694059	0.120466816114444	1.70349449287885	0.532105822667991	-0.934237887856079	0.978420451943337	4.02121239583529	0.00111456285723865	3.59142016407114	0.00292198054190816	0.793788657255891	0.962321347823288	2.34375347075374	0.209998639778895
RERE	1	1	1	1	1	1	1	1	1	1	1	1	1	1
REST	1.15076088487171	0.489075198329224	-0.135448438411693	0.966397351123826	1.39170056775501	0.978420451943337	0.768828485107477	0.634888284869738	0.473648648005992	0.797517719426363	0.626820701063879	0.976172081720909	2.66143073408364	0.108138836470701
RFX1	1	1	1	1	1	1	1	1	1	1	1	1	1	1
RFX2	1	1	1	1	1	1	1	1	1	1	1	1	1	1
RFX3	1	1	1	1	1	1	1	1	1	1	1	1	1	1
RFX4	1	1	1	1	1	1	1	1	1	1	1	1	1	1
RFX5	1	1	1	1	1	1	1	1	1	1	1	1	1	1
RFX6	1	1	1	1	1	1	1	1	1	1	1	1	1	1
RFXANK	1	1	1	1	1	1	1	1	1	1	1	1	1	1
RFXAP	1	1	1	1	1	1	1	1	1	1	1	1	1	1
RHOXF1	1	1	1	1	1	1	1	1	1	1	1	1	1	1
RLF	1	1	1	1	1	1	1	1	1	1	1	1	1	1
RNF14	1	1	1	1	1	1	1	1	1	1	1	1	1	1
RORA	0.0682856599840003	0.970773125535156	0.14976251412451	0.966397351123826	0.092573129403846	0.978420451943337	1.0819809915314	0.474332978502571	-1.96841685244314	0.150981890827152	1.17751717332834	0.962321347823288	0.0803216526638591	0.966998786558451
RORB	1	1	1	1	1	1	1	1	1	1	1	1	1	1
RORC	1	1	1	1	1	1	1	1	1	1	1	1	1	1
RREB1	1	1	1	1	1	1	1	1	1	1	1	1	1	1
RUNX1	1.77327208482665	0.262973920662313	2.98045256818606	0.11081178096658	-2.07511552313286	0.931244946489854	3.28155942642655	0.0103728603855425	5.48173011737541	1.21617576895495e-06	-1.57760225184675	0.962321347823288	0.536480094356792	0.818358014249602
RUNX1T1	1	1	1	1	1	1	1	1	1	1	1	1	1	1
RUNX2	2.51441408389881	0.0860694086652008	-0.373742449649577	0.928846269587052	0.3165216047076	0.978420451943337	2.8183607334075	0.027195768459758	1.53086278489083	0.281180813412216	1.89424713596435	0.962321347823288	0.591652742671041	0.815279498415149
RUNX3	-0.389730168309053	0.882604054841882	2.0158810601313	0.440029033240362	-0.6154375222262	0.978420451943337	-1.13321769833252	0.44996497640028	1.09378413679373	0.455435051500771	-0.224797578529354	0.976172081720909	-0.418495477068516	0.872227334258624
RUVBL1	1	1	1	1	1	1	1	1	1	1	1	1	1	1
RXRA	1.37425734442263	0.390245708172099	-0.999074852003009	0.773242128867977	-0.565329809008481	0.978420451943337	-0.137400825819318	0.935249677246221	0.245771066969548	0.886127734039247	-0.106093857819098	0.984194289847463	0.794797623533759	0.730485484916668
RXRB	1	1	1	1	1	1	1	1	1	1	1	1	1	1
RXRG	1	1	1	1	1	1	1	1	1	1	1	1	1	1
RYBP	1	1	1	1	1	1	1	1	1	1	1	1	1	1
SALL1	1	1	1	1	1	1	1	1	1	1	1	1	1	1
SALL2	1	1	1	1	1	1	1	1	1	1	1	1	1	1
SALL3	1	1	1	1	1	1	1	1	1	1	1	1	1	1
SALL4	1	1	1	1	1	1	1	1	1	1	1	1	1	1
SAP30	1	1	1	1	1	1	1	1	1	1	1	1	1	1
SATB1	1	1	1	1	1	1	1	1	1	1	1	1	1	1
SATB2	1	1	1	1	1	1	1	1	1	1	1	1	1	1
SCRT1	1	1	1	1	1	1	1	1	1	1	1	1	1	1
SCX	1	1	1	1	1	1	1	1	1	1	1	1	1	1
SETBP1	1	1	1	1	1	1	1	1	1	1	1	1	1	1
SF1	1	1	1	1	1	1	1	1	1	1	1	1	1	1
SFPQ	1	1	1	1	1	1	1	1	1	1	1	1	1	1
SHOX	1	1	1	1	1	1	1	1	1	1	1	1	1	1
SHOX2	1	1	1	1	1	1	1	1	1	1	1	1	1	1
SIM1	1	1	1	1	1	1	1	1	1	1	1	1	1	1
SIM2	1	1	1	1	1	1	1	1	1	1	1	1	1	1
SIN3A	1	1	1	1	1	1	1	1	1	1	1	1	1	1
SIN3B	1	1	1	1	1	1	1	1	1	1	1	1	1	1
SIRT1	-0.98239894810905	0.574684523237596	0.512067586448086	0.928846269587052	0.0566449611875559	0.97888251186766	-0.752932884772068	0.643791646826038	0.420466789627906	0.806877596610276	-0.232511792055971	0.976172081720909	-1.21380523106216	0.540978198094148
SIRT6	1	1	1	1	1	1	1	1	1	1	1	1	1	1
SIX1	1	1	1	1	1	1	1	1	1	1	1	1	1	1
SIX2	1	1	1	1	1	1	1	1	1	1	1	1	1	1
SIX3	1	1	1	1	1	1	1	1	1	1	1	1	1	1
SIX4	1	1	1	1	1	1	1	1	1	1	1	1	1	1
SIX5	1	1	1	1	1	1	1	1	1	1	1	1	1	1
SKI	1	1	1	1	1	1	1	1	1	1	1	1	1	1
SKIL	1	1	1	1	1	1	1	1	1	1	1	1	1	1
SLC2A4RG	1	1	1	1	1	1	1	1	1	1	1	1	1	1
SMAD1	1.9120369317673	0.218360928265795	-0.69006186608977	0.870022825574295	-0.270950761914867	0.978420451943337	2.45370308402835	0.0616262997586447	1.46457731932209	0.304824734483857	-1.1011624082011	0.962321347823288	0.458364530147376	0.863500125481444
SMAD2	0.237777414120505	0.902409652210158	-0.99347640637354	0.773242128867977	0.302438326731264	0.978420451943337	2.30133293871542	0.0841016427245174	1.12595196165768	0.441933324494197	0.0305326776748222	0.992111275594177	1.85283706758487	0.327113722404807
SMAD3	1.76590232916036	0.262973920662313	1.50017565408234	0.593354187207746	-0.868291057300353	0.978420451943337	5.29725616961896	8.48072344781707e-06	3.47429855498438	0.00407986457970356	-0.167875843833609	0.976172081720909	1.98770874622494	0.284761669865183
SMAD4	-0.328532602029046	0.89321949000788	2.64955985118215	0.186178365982038	-0.0779407925693722	0.978420451943337	2.2398873482995	0.0950441441619315	4.08675211896616	0.000505259448925007	-0.429967023727998	0.976172081720909	2.17899034500139	0.258397211361678
SMAD5	1	1	1	1	1	1	1	1	1	1	1	1	1	1
SMAD6	1	1	1	1	1	1	1	1	1	1	1	1	1	1
SMAD7	-1.58706290893668	0.305645369430874	0.475283917732669	0.928846269587052	-1.33534657139182	0.978420451943337	-1.36311064454927	0.347198308059859	-1.61224124291686	0.268055455547507	-0.505021492050881	0.976172081720909	-0.108141393041643	0.95957771045484
SMAD9	1	1	1	1	1	1	1	1	1	1	1	1	1	1
SMARCA1	1.5685724506203	0.309984996066538	-0.242956616835486	0.957215437096968	-1.32101405842396	0.978420451943337	1.50773232559089	0.307571210466976	-1.12743254398139	0.441933324494197	0.333024707123326	0.976172081720909	0.276465732725143	0.921867228470193
SMARCA4	1	1	1	1	1	1	1	1	1	1	1	1	1	1
SMARCA5	1	1	1	1	1	1	1	1	1	1	1	1	1	1
SMARCB1	1	1	1	1	1	1	1	1	1	1	1	1	1	1
SMARCC1	1	1	1	1	1	1	1	1	1	1	1	1	1	1
SMARCC2	1	1	1	1	1	1	1	1	1	1	1	1	1	1
SMARCD3	1	1	1	1	1	1	1	1	1	1	1	1	1	1
SMARCE1	1	1	1	1	1	1	1	1	1	1	1	1	1	1
SNAI1	1.03261873339996	0.553267656046395	-0.649050814815665	0.875714041485287	1.0310639881389	0.978420451943337	0.972685788206047	0.537985157406632	-0.10849147778793	0.962599265619881	0.83126209915246	0.962321347823288	0.238814822538548	0.93233114259575
SNAI2	-0.247764490835172	0.902409652210158	3.48554308460525	0.0588806194556527	-0.513784515084321	0.978420451943337	0.618630178897889	0.69210368066977	1.51497980018179	0.285510543267475	0.58741282084934	0.976172081720909	-0.0723766583719377	0.967346656291701
SND1	1	1	1	1	1	1	1	1	1	1	1	1	1	1
SNW1	1	1	1	1	1	1	1	1	1	1	1	1	1	1
SOHLH1	1	1	1	1	1	1	1	1	1	1	1	1	1	1
SOHLH2	1	1	1	1	1	1	1	1	1	1	1	1	1	1
SON	1	1	1	1	1	1	1	1	1	1	1	1	1	1
SOX1	1	1	1	1	1	1	1	1	1	1	1	1	1	1
SOX10	1	1	1	1	1	1	1	1	1	1	1	1	1	1
SOX11	1	1	1	1	1	1	1	1	1	1	1	1	1	1
SOX14	1	1	1	1	1	1	1	1	1	1	1	1	1	1
SOX15	1	1	1	1	1	1	1	1	1	1	1	1	1	1
SOX17	1	1	1	1	1	1	1	1	1	1	1	1	1	1
SOX18	1	1	1	1	1	1	1	1	1	1	1	1	1	1
SOX2	0.222044879587241	0.902409652210158	-0.702726545340738	0.870022825574295	0.506576051379441	0.978420451943337	-0.544225543336242	0.724235988514907	-0.941796675469958	0.533296991294633	-1.38661568191816	0.962321347823288	-0.294019771262925	0.920101480599998
SOX21	1	1	1	1	1	1	1	1	1	1	1	1	1	1
SOX3	1	1	1	1	1	1	1	1	1	1	1	1	1	1
SOX4	1	1	1	1	1	1	1	1	1	1	1	1	1	1
SOX5	1	1	1	1	1	1	1	1	1	1	1	1	1	1
SOX6	1	1	1	1	1	1	1	1	1	1	1	1	1	1
SOX7	1	1	1	1	1	1	1	1	1	1	1	1	1	1
SOX8	1	1	1	1	1	1	1	1	1	1	1	1	1	1
SOX9	1.33975209706473	0.397003942458595	-0.879518379210378	0.822203281210393	-0.519646680667664	0.978420451943337	0.889659111820959	0.590562919327179	-0.378235441168339	0.819731391191181	-0.264043476560836	0.976172081720909	0.974636471135125	0.656638640180746
SP1	4.47752159360147	0.000476023301377026	-0.321406720191335	0.928846269587052	0.965861848426592	0.978420451943337	4.70823071684542	8.24591411947271e-05	3.31523873759273	0.00660984036542703	-0.0617604310357452	0.987435265983899	3.86921460316557	0.00840736101062759
SP100	1	1	1	1	1	1	1	1	1	1	1	1	1	1
SP140	1	1	1	1	1	1	1	1	1	1	1	1	1	1
SP2	1	1	1	1	1	1	1	1	1	1	1	1	1	1
SP3	3.90545637423592	0.00197500221961729	-0.0542649610710825	0.981948763509901	0.919157628999393	0.978420451943337	3.01933382619311	0.0188772621410396	1.54409326548992	0.280323623403547	1.18457662250345	0.962321347823288	1.52398770972932	0.420788878544681
SP4	-0.181909663253057	0.917178750614706	-1.51694230323647	0.588376047833546	-0.486175629198053	0.978420451943337	-0.767981971888609	0.634888284869738	-1.58603718100986	0.274114023560134	0.516785124653195	0.976172081720909	-0.305675865206961	0.918622410979011
SP5	1	1	1	1	1	1	1	1	1	1	1	1	1	1
SP6	1	1	1	1	1	1	1	1	1	1	1	1	1	1
SP7	1	1	1	1	1	1	1	1	1	1	1	1	1	1
SP8	1	1	1	1	1	1	1	1	1	1	1	1	1	1
SPDEF	1	1	1	1	1	1	1	1	1	1	1	1	1	1
SPEN	1	1	1	1	1	1	1	1	1	1	1	1	1	1
SPI1	2.88715010366651	0.035920381858362	3.28506794145676	0.0588806194556527	-1.32187879614173	0.978420451943337	3.15462134589496	0.0142781572615002	7.82150283398313	6.02868375757551e-13	-3.67868662738396	0.0541552035070973	1.71034874181559	0.359705789612114
SPIB	1	1	1	1	1	1	1	1	1	1	1	1	1	1
SPIC	1	1	1	1	1	1	1	1	1	1	1	1	1	1
SPZ1	1	1	1	1	1	1	1	1	1	1	1	1	1	1
SRCAP	1	1	1	1	1	1	1	1	1	1	1	1	1	1
SREBF1	3.97662308816837	0.00179412116948218	-0.150063353731344	0.966397351123826	0.56967953412226	0.978420451943337	3.73467923161828	0.0033398085790734	-3.49010867164199	0.00398329937300849	-0.246065646762447	0.976172081720909	1.47270219213191	0.439622203537041
SREBF2	4.38458673286711	0.000476023301377026	-0.532187936258579	0.928846269587052	0.43376039905799	0.978420451943337	4.78151521053184	6.69818520223336e-05	-3.79381539713714	0.00137075385317744	0.944072167538884	0.962321347823288	0.168654956210537	0.945245380690548
SRF	-0.0791324642996659	0.966206238620065	0.644327829444658	0.875714041485287	-2.77483815252888	0.212632362727338	2.47543114128933	0.0591161964148777	0.80651696629914	0.613969971937357	-0.775848901746755	0.962321347823288	-0.0304822019895534	0.975682487540342
SRSF2	1	1	1	1	1	1	1	1	1	1	1	1	1	1
SRY	1	1	1	1	1	1	1	1	1	1	1	1	1	1
SSRP1	3.59545189490787	0.00440026418002718	0.439664583493033	0.928846269587052	-0.599743140681595	0.978420451943337	2.8960715248	0.024246418698591	3.36033086598822	0.00583512022267701	-0.46523684176339	0.976172081720909	0.976676835167318	0.656638640180746
ST18	1	1	1	1	1	1	1	1	1	1	1	1	1	1
STAT1	4.44405089379789	0.000476023301377026	1.02765164937443	0.773242128867977	0.0431335233043083	0.97888251186766	4.13414540601777	0.000823001866923126	5.37652853085083	1.75411399946922e-06	-2.16496216946824	0.766817529939942	2.15979495045115	0.258397211361678
STAT2	2.25619542380712	0.126306573905907	0.876143773834366	0.822203281210393	0.289159084325078	0.978420451943337	4.65260481702626	9.46430195658273e-05	0.499970605928708	0.787564220967572	0.309727877239294	0.976172081720909	0.548818036939166	0.817572137166875
STAT3	2.45524400486467	0.0952947770758617	-0.033451916081117	0.989106451184781	0.578963355879773	0.978420451943337	0.844423936656962	0.6012626270614	4.77812658301487	2.91944375998795e-05	0.193365404960561	0.976172081720909	1.65203077682392	0.373115278396518
STAT4	1	1	1	1	1	1	1	1	1	1	1	1	1	1
STAT5A	3.60457845901969	0.00440026418002718	-0.798919627523395	0.844609323686302	-0.147957244052492	0.978420451943337	1.31609355936401	0.368313139011674	2.8965747982044	0.0217868052175334	0.445086526854257	0.976172081720909	1.44889057600771	0.449561890406897
STAT5B	1.97832591094789	0.201146197857909	-1.20992147923943	0.696734047745798	1.18780881642377	0.978420451943337	-1.09379599970756	0.468920518687788	1.62611463189668	0.268055455547507	0.730918613282624	0.962321347823288	0.934381344443667	0.673956393526581
STAT6	0.93159388556012	0.595839206372512	1.03284354033537	0.773242128867977	-2.03166249346898	0.931244946489854	0.356951068200512	0.841316510613303	2.76625555896362	0.029769641009984	-0.649967786716847	0.968534226753373	1.3554290918885	0.506123558435708
STOX1	1	1	1	1	1	1	1	1	1	1	1	1	1	1
SUPT20H	1	1	1	1	1	1	1	1	1	1	1	1	1	1
SUPT3H	1	1	1	1	1	1	1	1	1	1	1	1	1	1
TADA2A	1	1	1	1	1	1	1	1	1	1	1	1	1	1
TAF1	-0.188812826139578	0.917178750614706	-0.646823739527957	0.875714041485287	-0.13144919920396	0.978420451943337	0.840118851336345	0.6012626270614	0.391446900837447	0.81549675609875	0.331086931447895	0.976172081720909	-0.319790390113341	0.918622410979011
TAF12	1	1	1	1	1	1	1	1	1	1	1	1	1	1
TAF4	1	1	1	1	1	1	1	1	1	1	1	1	1	1
TAF5	1	1	1	1	1	1	1	1	1	1	1	1	1	1
TAL1	1.63032910929997	0.290248566006427	-0.619280910912534	0.896767640389977	-0.438088954579601	0.978420451943337	1.51304316766816	0.307571210466976	1.55915574989183	0.280323623403547	-1.48869896843991	0.962321347823288	0.538850277500643	0.818358014249602
TBL1X	1	1	1	1	1	1	1	1	1	1	1	1	1	1
TBL1XR1	1	1	1	1	1	1	1	1	1	1	1	1	1	1
TBP	1.50667448200832	0.338528229799527	0.136089603204495	0.966397351123826	0.353294353534411	0.978420451943337	1.70786963308624	0.235460274064156	1.84472530029031	0.1902899301189	-0.715248489130688	0.962321347823288	2.08962499140757	0.264578013881071
TBPL1	1	1	1	1	1	1	1	1	1	1	1	1	1	1
TBPL2	1	1	1	1	1	1	1	1	1	1	1	1	1	1
TBR1	1	1	1	1	1	1	1	1	1	1	1	1	1	1
TBX1	1	1	1	1	1	1	1	1	1	1	1	1	1	1
TBX10	1	1	1	1	1	1	1	1	1	1	1	1	1	1
TBX15	1	1	1	1	1	1	1	1	1	1	1	1	1	1
TBX18	1	1	1	1	1	1	1	1	1	1	1	1	1	1
TBX19	1	1	1	1	1	1	1	1	1	1	1	1	1	1
TBX2	1	1	1	1	1	1	1	1	1	1	1	1	1	1
TBX20	1	1	1	1	1	1	1	1	1	1	1	1	1	1
TBX21	1.650360664348	0.288362719141774	1.79810436863738	0.505123290570153	-1.18000384445182	0.978420451943337	1.27476898836259	0.375547570259375	3.88564125876355	0.00102503866345331	-0.612672897859058	0.976172081720909	0.758887709890643	0.737725947668591
TBX22	1	1	1	1	1	1	1	1	1	1	1	1	1	1
TBX3	1	1	1	1	1	1	1	1	1	1	1	1	1	1
TBX4	1	1	1	1	1	1	1	1	1	1	1	1	1	1
TBX5	1	1	1	1	1	1	1	1	1	1	1	1	1	1
TBX6	1	1	1	1	1	1	1	1	1	1	1	1	1	1
TBXT	1	1	1	1	1	1	1	1	1	1	1	1	1	1
TCF12	1	1	1	1	1	1	1	1	1	1	1	1	1	1
TCF15	1	1	1	1	1	1	1	1	1	1	1	1	1	1
TCF20	1	1	1	1	1	1	1	1	1	1	1	1	1	1
TCF21	1	1	1	1	1	1	1	1	1	1	1	1	1	1
TCF23	1	1	1	1	1	1	1	1	1	1	1	1	1	1
TCF3	0.490094322509784	0.847997134739112	0.729819165451555	0.867182807595513	0.645818228251373	0.978420451943337	1.29837084318568	0.370272775519231	1.80944907795698	0.203225901076405	-1.19175773259353	0.962321347823288	0.772016722748017	0.736696701691004
TCF4	2.1841787780943	0.145559710736278	-1.18737042817641	0.700641419826166	-0.0898362385279027	0.978420451943337	3.5612019836508	0.00426380901693515	1.20772628669268	0.406761566976641	-0.0914689628757274	0.984194289847463	1.7513819623803	0.348156827486099
TCF7	1	1	1	1	1	1	1	1	1	1	1	1	1	1
TCF7L1	1	1	1	1	1	1	1	1	1	1	1	1	1	1
TCF7L2	1.38465552540965	0.390245708172099	-0.415642924401813	0.928846269587052	-0.172258793960651	0.978420451943337	2.85825181320749	0.0258952334859982	2.80788677137829	0.0274272663986447	-0.50458252474825	0.976172081720909	1.85468614516746	0.327113722404807
TCFL5	1	1	1	1	1	1	1	1	1	1	1	1	1	1
TEAD1	1	1	1	1	1	1	1	1	1	1	1	1	1	1
TEAD2	1	1	1	1	1	1	1	1	1	1	1	1	1	1
TEAD4	1	1	1	1	1	1	1	1	1	1	1	1	1	1
TEF	1	1	1	1	1	1	1	1	1	1	1	1	1	1
TERF2	1	1	1	1	1	1	1	1	1	1	1	1	1	1
TET1	1	1	1	1	1	1	1	1	1	1	1	1	1	1
TET2	1	1	1	1	1	1	1	1	1	1	1	1	1	1
TFAM	1	1	1	1	1	1	1	1	1	1	1	1	1	1
TFAP2A	4.33729115904436	0.000476023301377026	-1.48514199684176	0.597746905470603	0.771140537438072	0.978420451943337	3.03614246351037	0.018451210781956	2.08447056396785	0.129910847710814	-1.67499805565355	0.962321347823288	1.94163727398318	0.30042044592016
TFAP2B	1	1	1	1	1	1	1	1	1	1	1	1	1	1
TFAP2C	1	1	1	1	1	1	1	1	1	1	1	1	1	1
TFAP2D	1	1	1	1	1	1	1	1	1	1	1	1	1	1
TFAP2E	1	1	1	1	1	1	1	1	1	1	1	1	1	1
TFAP4	1	1	1	1	1	1	1	1	1	1	1	1	1	1
TFCP2	0.506064767093141	0.841510651292131	-1.16964618065756	0.706361169022292	0.444676725423702	0.978420451943337	0.312634362105552	0.858853929907223	1.32658377467917	0.349617375346128	-0.887726571313116	0.962321347823288	0.499722990328081	0.838761192897472
TFCP2L1	1	1	1	1	1	1	1	1	1	1	1	1	1	1
TFDP1	1	1	1	1	1	1	1	1	1	1	1	1	1	1
TFDP2	1	1	1	1	1	1	1	1	1	1	1	1	1	1
TFDP3	1	1	1	1	1	1	1	1	1	1	1	1	1	1
TFE3	1	1	1	1	1	1	1	1	1	1	1	1	1	1
TFEB	1	1	1	1	1	1	1	1	1	1	1	1	1	1
TFEC	1	1	1	1	1	1	1	1	1	1	1	1	1	1
TGFB1I1	1	1	1	1	1	1	1	1	1	1	1	1	1	1
TGIF1	1	1	1	1	1	1	1	1	1	1	1	1	1	1
THAP1	1	1	1	1	1	1	1	1	1	1	1	1	1	1
THAP11	1	1	1	1	1	1	1	1	1	1	1	1	1	1
THAP12	1	1	1	1	1	1	1	1	1	1	1	1	1	1
THAP7	1	1	1	1	1	1	1	1	1	1	1	1	1	1
THAP9	1	1	1	1	1	1	1	1	1	1	1	1	1	1
THRA	0.920220756193809	0.597993355347939	-0.298463817150535	0.936177224214436	-0.728883998843832	0.978420451943337	0.382647094815248	0.831578021080024	-0.0330734020354459	0.990772283256474	0.670519011491463	0.962321347823288	1.93230900318464	0.30042044592016
THRB	0.443169217033886	0.863264868530294	-1.40542194076696	0.597746905470603	-0.271365729225975	0.978420451943337	-1.5069782471433	0.307571210466976	-0.121490900131092	0.961579784665695	0.236695534038154	0.976172081720909	1.2193712581032	0.540978198094148
TLE1	1	1	1	1	1	1	1	1	1	1	1	1	1	1
TLE3	1	1	1	1	1	1	1	1	1	1	1	1	1	1
TLE4	1	1	1	1	1	1	1	1	1	1	1	1	1	1
TLE5	1	1	1	1	1	1	1	1	1	1	1	1	1	1
TLX1	1	1	1	1	1	1	1	1	1	1	1	1	1	1
TLX2	1	1	1	1	1	1	1	1	1	1	1	1	1	1
TLX3	1	1	1	1	1	1	1	1	1	1	1	1	1	1
TOB1	1	1	1	1	1	1	1	1	1	1	1	1	1	1
TOX	1	1	1	1	1	1	1	1	1	1	1	1	1	1
TOX2	1	1	1	1	1	1	1	1	1	1	1	1	1	1
TOX3	1	1	1	1	1	1	1	1	1	1	1	1	1	1
TP53	2.42942126034549	0.0952947770758617	-0.0881941421157603	0.971791258750833	1.59217179418969	0.978420451943337	3.28143708559811	0.0103728603855425	2.36595421457582	0.0755314068096612	0.514732252349603	0.976172081720909	2.49596183572651	0.145086613555049
TP53BP1	1	1	1	1	1	1	1	1	1	1	1	1	1	1
TP63	0.965207657140622	0.580870884813932	0.345797400747742	0.928846269587052	0.312096759892499	0.978420451943337	0.610160302364018	0.69210368066977	0.369786275329246	0.821830712273415	-0.012473652788041	0.994352278424599	0.0965133883449916	0.964882653022308
TP73	0.444329044409159	0.863264868530294	1.4504448161528	0.597746905470603	0.401376819089236	0.978420451943337	1.01887544169667	0.512291698086514	2.54246013499264	0.0508547225860682	-1.42832452004511	0.962321347823288	0.97938506634632	0.656638640180746
TRERF1	1	1	1	1	1	1	1	1	1	1	1	1	1	1
TRIB3	1	1	1	1	1	1	1	1	1	1	1	1	1	1
TRIM14	1	1	1	1	1	1	1	1	1	1	1	1	1	1
TRIM15	1	1	1	1	1	1	1	1	1	1	1	1	1	1
TRIM21	1	1	1	1	1	1	1	1	1	1	1	1	1	1
TRIM22	1	1	1	1	1	1	1	1	1	1	1	1	1	1
TRIM24	1	1	1	1	1	1	1	1	1	1	1	1	1	1
TRIM25	1	1	1	1	1	1	1	1	1	1	1	1	1	1
TRIM27	1	1	1	1	1	1	1	1	1	1	1	1	1	1
TRIM28	1	1	1	1	1	1	1	1	1	1	1	1	1	1
TRIM31	1	1	1	1	1	1	1	1	1	1	1	1	1	1
TRIM5	1	1	1	1	1	1	1	1	1	1	1	1	1	1
TRIM62	1	1	1	1	1	1	1	1	1	1	1	1	1	1
TRIM8	1	1	1	1	1	1	1	1	1	1	1	1	1	1
TRPS1	1	1	1	1	1	1	1	1	1	1	1	1	1	1
TRRAP	1	1	1	1	1	1	1	1	1	1	1	1	1	1
TSC22D1	1	1	1	1	1	1	1	1	1	1	1	1	1	1
TSG101	1	1	1	1	1	1	1	1	1	1	1	1	1	1
TSHZ1	1	1	1	1	1	1	1	1	1	1	1	1	1	1
TSHZ3	1	1	1	1	1	1	1	1	1	1	1	1	1	1
TTF1	1.717496942518	0.269783745018326	-1.41204293818504	0.597746905470603	1.22677376333177	0.978420451943337	0.250084813214426	0.882773936217553	-0.332918907987287	0.845317622017882	0.786685562963987	0.962321347823288	0.286797160129353	0.920736683255663
TWIST1	0.345644993860211	0.89321949000788	0.0693516529339791	0.978228375757783	-0.489567083261686	0.978420451943337	2.01432515566994	0.140859072686222	0.393312975993579	0.81549675609875	1.63507277924834	0.962321347823288	0.571767127269802	0.815279498415149
TWIST2	1	1	1	1	1	1	1	1	1	1	1	1	1	1
UBP1	1	1	1	1	1	1	1	1	1	1	1	1	1	1
UBTF	1	1	1	1	1	1	1	1	1	1	1	1	1	1
UNCX	1	1	1	1	1	1	1	1	1	1	1	1	1	1
URI1	1	1	1	1	1	1	1	1	1	1	1	1	1	1
USF1	1.99980244331634	0.201146197857909	1.74780476612439	0.531285742331078	0.522331047598318	0.978420451943337	1.4249973237058	0.337961307305225	2.02153923007156	0.144706353090231	-0.166001871065744	0.976172081720909	1.17308169503834	0.573363543269703
USF2	1.59086233220631	0.305645369430874	-0.176298573686652	0.966397351123826	0.0660626146596832	0.978420451943337	-0.692726781051967	0.669411677090801	1.33044086418812	0.349617375346128	-0.977506996658195	0.962321347823288	1.44696113825837	0.449561890406897
UTF1	1	1	1	1	1	1	1	1	1	1	1	1	1	1
VAX1	1	1	1	1	1	1	1	1	1	1	1	1	1	1
VAX2	1	1	1	1	1	1	1	1	1	1	1	1	1	1
VDR	1.12988993571511	0.50183799847172	0.364053416952745	0.928846269587052	0.0178190550281438	0.985783203458773	1.29431881917005	0.370272775519231	1.35963869753968	0.334977289972483	-0.432704630958584	0.976172081720909	1.05619559853234	0.626611661051698
VENTX	1	1	1	1	1	1	1	1	1	1	1	1	1	1
VEZF1	1	1	1	1	1	1	1	1	1	1	1	1	1	1
VHL	1	1	1	1	1	1	1	1	1	1	1	1	1	1
VSX1	1	1	1	1	1	1	1	1	1	1	1	1	1	1
VSX2	1	1	1	1	1	1	1	1	1	1	1	1	1	1
WNT3A	1	1	1	1	1	1	1	1	1	1	1	1	1	1
WT1	1.93076784941586	0.21686348067612	-0.609097477127045	0.901497990425312	-0.458752791841091	0.978420451943337	1.54869525323315	0.298469191077721	1.92781058853431	0.163762860988124	-0.533088925645866	0.976172081720909	1.10463625358559	0.615963182073338
WWTR1	1	1	1	1	1	1	1	1	1	1	1	1	1	1
XBP1	1.32688134862737	0.399064885236904	-2.34681402873023	0.273369772984243	1.21736707104042	0.978420451943337	-0.502287508157715	0.756236612492266	0.139067249327821	0.951160689063676	0.355600319254944	0.976172081720909	1.3116386123972	0.509040346928111
XPC	1	1	1	1	1	1	1	1	1	1	1	1	1	1
YAP1	1	1	1	1	1	1	1	1	1	1	1	1	1	1
YBX1	1.23834963666722	0.442110120316448	-0.487981896031813	0.928846269587052	-0.3034580752521	0.978420451943337	-0.692847525801131	0.669411677090801	-1.2232081929244	0.399289043822733	1.01266905407559	0.962321347823288	0.737309053922351	0.737725947668591
YBX2	1	1	1	1	1	1	1	1	1	1	1	1	1	1
YBX3	1	1	1	1	1	1	1	1	1	1	1	1	1	1
YY1	1.17837107418876	0.475240091987275	-0.172660794005706	0.966397351123826	-0.629759243942146	0.978420451943337	-1.03902600290229	0.500152902534953	0.180679250769347	0.924668546613414	-0.940167583936324	0.962321347823288	-0.282910752203932	0.920736683255663
YY2	1	1	1	1	1	1	1	1	1	1	1	1	1	1
ZBED1	1	1	1	1	1	1	1	1	1	1	1	1	1	1
ZBED6	1	1	1	1	1	1	1	1	1	1	1	1	1	1
ZBTB10	1	1	1	1	1	1	1	1	1	1	1	1	1	1
ZBTB12	1	1	1	1	1	1	1	1	1	1	1	1	1	1
ZBTB14	1	1	1	1	1	1	1	1	1	1	1	1	1	1
ZBTB16	-0.298113280591416	0.89321949000788	0.713092610093797	0.870022825574295	-0.333311720684307	0.978420451943337	1.48843848750893	0.309438751716182	1.55707837271189	0.280323623403547	-0.379751715017907	0.976172081720909	0.392224719420057	0.879308069399151
ZBTB17	1.35886925996102	0.394484636475416	0.164564886461415	0.966397351123826	-0.623817355736911	0.978420451943337	2.90403662507546	0.024246418698591	0.000103562712097606	0.99991736891109	-0.313496320911717	0.976172081720909	1.6921149562818	0.36392249180978
ZBTB18	1	1	1	1	1	1	1	1	1	1	1	1	1	1
ZBTB2	1	1	1	1	1	1	1	1	1	1	1	1	1	1
ZBTB20	1	1	1	1	1	1	1	1	1	1	1	1	1	1
ZBTB22	1	1	1	1	1	1	1	1	1	1	1	1	1	1
ZBTB32	1	1	1	1	1	1	1	1	1	1	1	1	1	1
ZBTB33	1	1	1	1	1	1	1	1	1	1	1	1	1	1
ZBTB38	1	1	1	1	1	1	1	1	1	1	1	1	1	1
ZBTB4	1	1	1	1	1	1	1	1	1	1	1	1	1	1
ZBTB44	1	1	1	1	1	1	1	1	1	1	1	1	1	1
ZBTB48	1	1	1	1	1	1	1	1	1	1	1	1	1	1
ZBTB5	1	1	1	1	1	1	1	1	1	1	1	1	1	1
ZBTB7A	1	1	1	1	1	1	1	1	1	1	1	1	1	1
ZBTB7B	1	1	1	1	1	1	1	1	1	1	1	1	1	1
ZBTB7C	1	1	1	1	1	1	1	1	1	1	1	1	1	1
ZBTB8A	1	1	1	1	1	1	1	1	1	1	1	1	1	1
ZBTB8B	1	1	1	1	1	1	1	1	1	1	1	1	1	1
ZC3H8	1	1	1	1	1	1	1	1	1	1	1	1	1	1
ZEB1	-0.995625679971293	0.567606185867545	0.390928003224612	0.928846269587052	-0.519512829982336	0.978420451943337	0.0903683604690758	0.956994326559724	-0.305403867490618	0.852298695098072	0.165593952122721	0.976172081720909	0.19287939816394	0.945245380690548
ZEB2	1	1	1	1	1	1	1	1	1	1	1	1	1	1
ZFAT	1	1	1	1	1	1	1	1	1	1	1	1	1	1
ZFHX2	1	1	1	1	1	1	1	1	1	1	1	1	1	1
ZFHX3	1	1	1	1	1	1	1	1	1	1	1	1	1	1
ZFHX4	1	1	1	1	1	1	1	1	1	1	1	1	1	1
ZFP1	1	1	1	1	1	1	1	1	1	1	1	1	1	1
ZFP42	1	1	1	1	1	1	1	1	1	1	1	1	1	1
ZFP57	1	1	1	1	1	1	1	1	1	1	1	1	1	1
ZFP64	1	1	1	1	1	1	1	1	1	1	1	1	1	1
ZFP90	1	1	1	1	1	1	1	1	1	1	1	1	1	1
ZFPM1	1	1	1	1	1	1	1	1	1	1	1	1	1	1
ZFPM2	1	1	1	1	1	1	1	1	1	1	1	1	1	1
ZFX	1	1	1	1	1	1	1	1	1	1	1	1	1	1
ZGLP1	1	1	1	1	1	1	1	1	1	1	1	1	1	1
ZGPAT	1	1	1	1	1	1	1	1	1	1	1	1	1	1
ZHX1	1	1	1	1	1	1	1	1	1	1	1	1	1	1
ZHX2	1	1	1	1	1	1	1	1	1	1	1	1	1	1
ZHX3	1	1	1	1	1	1	1	1	1	1	1	1	1	1
ZIC1	1	1	1	1	1	1	1	1	1	1	1	1	1	1
ZIC2	1	1	1	1	1	1	1	1	1	1	1	1	1	1
ZIC3	1	1	1	1	1	1	1	1	1	1	1	1	1	1
ZIK1	1	1	1	1	1	1	1	1	1	1	1	1	1	1
ZKSCAN3	1	1	1	1	1	1	1	1	1	1	1	1	1	1
ZKSCAN4	1	1	1	1	1	1	1	1	1	1	1	1	1	1
ZKSCAN7	1	1	1	1	1	1	1	1	1	1	1	1	1	1
ZMIZ1	1	1	1	1	1	1	1	1	1	1	1	1	1	1
ZMYND11	1	1	1	1	1	1	1	1	1	1	1	1	1	1
ZMYND8	1	1	1	1	1	1	1	1	1	1	1	1	1	1
ZNF134	1	1	1	1	1	1	1	1	1	1	1	1	1	1
ZNF135	1	1	1	1	1	1	1	1	1	1	1	1	1	1
ZNF14	1	1	1	1	1	1	1	1	1	1	1	1	1	1
ZNF140	1	1	1	1	1	1	1	1	1	1	1	1	1	1
ZNF143	1	1	1	1	1	1	1	1	1	1	1	1	1	1
ZNF148	1	1	1	1	1	1	1	1	1	1	1	1	1	1
ZNF16	1	1	1	1	1	1	1	1	1	1	1	1	1	1
ZNF160	1	1	1	1	1	1	1	1	1	1	1	1	1	1
ZNF165	1	1	1	1	1	1	1	1	1	1	1	1	1	1
ZNF174	1	1	1	1	1	1	1	1	1	1	1	1	1	1
ZNF175	1	1	1	1	1	1	1	1	1	1	1	1	1	1
ZNF184	1	1	1	1	1	1	1	1	1	1	1	1	1	1
ZNF189	1	1	1	1	1	1	1	1	1	1	1	1	1	1
ZNF195	1	1	1	1	1	1	1	1	1	1	1	1	1	1
ZNF2	1	1	1	1	1	1	1	1	1	1	1	1	1	1
ZNF20	1	1	1	1	1	1	1	1	1	1	1	1	1	1
ZNF202	1	1	1	1	1	1	1	1	1	1	1	1	1	1
ZNF205	1	1	1	1	1	1	1	1	1	1	1	1	1	1
ZNF217	1	1	1	1	1	1	1	1	1	1	1	1	1	1
ZNF219	1	1	1	1	1	1	1	1	1	1	1	1	1	1
ZNF224	1	1	1	1	1	1	1	1	1	1	1	1	1	1
ZNF230	1	1	1	1	1	1	1	1	1	1	1	1	1	1
ZNF236	1	1	1	1	1	1	1	1	1	1	1	1	1	1
ZNF239	1	1	1	1	1	1	1	1	1	1	1	1	1	1
ZNF24	1	1	1	1	1	1	1	1	1	1	1	1	1	1
ZNF250	1	1	1	1	1	1	1	1	1	1	1	1	1	1
ZNF256	1	1	1	1	1	1	1	1	1	1	1	1	1	1
ZNF260	1	1	1	1	1	1	1	1	1	1	1	1	1	1
ZNF263	1	1	1	1	1	1	1	1	1	1	1	1	1	1
ZNF266	1	1	1	1	1	1	1	1	1	1	1	1	1	1
ZNF267	1	1	1	1	1	1	1	1	1	1	1	1	1	1
ZNF268	1	1	1	1	1	1	1	1	1	1	1	1	1	1
ZNF274	1	1	1	1	1	1	1	1	1	1	1	1	1	1
ZNF277	1	1	1	1	1	1	1	1	1	1	1	1	1	1
ZNF281	1	1	1	1	1	1	1	1	1	1	1	1	1	1
ZNF287	1	1	1	1	1	1	1	1	1	1	1	1	1	1
ZNF292	1	1	1	1	1	1	1	1	1	1	1	1	1	1
ZNF296	1	1	1	1	1	1	1	1	1	1	1	1	1	1
ZNF300	1	1	1	1	1	1	1	1	1	1	1	1	1	1
ZNF304	1	1	1	1	1	1	1	1	1	1	1	1	1	1
ZNF316	1	1	1	1	1	1	1	1	1	1	1	1	1	1
ZNF32	1	1	1	1	1	1	1	1	1	1	1	1	1	1
ZNF322	1	1	1	1	1	1	1	1	1	1	1	1	1	1
ZNF331	1	1	1	1	1	1	1	1	1	1	1	1	1	1
ZNF335	1	1	1	1	1	1	1	1	1	1	1	1	1	1
ZNF350	1	1	1	1	1	1	1	1	1	1	1	1	1	1
ZNF354C	1	1	1	1	1	1	1	1	1	1	1	1	1	1
ZNF362	1	1	1	1	1	1	1	1	1	1	1	1	1	1
ZNF382	1	1	1	1	1	1	1	1	1	1	1	1	1	1
ZNF383	1	1	1	1	1	1	1	1	1	1	1	1	1	1
ZNF384	1	1	1	1	1	1	1	1	1	1	1	1	1	1
ZNF395	1	1	1	1	1	1	1	1	1	1	1	1	1	1
ZNF398	1	1	1	1	1	1	1	1	1	1	1	1	1	1
ZNF410	1	1	1	1	1	1	1	1	1	1	1	1	1	1
ZNF417	1	1	1	1	1	1	1	1	1	1	1	1	1	1
ZNF419	1	1	1	1	1	1	1	1	1	1	1	1	1	1
ZNF423	1	1	1	1	1	1	1	1	1	1	1	1	1	1
ZNF431	1	1	1	1	1	1	1	1	1	1	1	1	1	1
ZNF436	1	1	1	1	1	1	1	1	1	1	1	1	1	1
ZNF444	1	1	1	1	1	1	1	1	1	1	1	1	1	1
ZNF451	1	1	1	1	1	1	1	1	1	1	1	1	1	1
ZNF461	1	1	1	1	1	1	1	1	1	1	1	1	1	1
ZNF492	1	1	1	1	1	1	1	1	1	1	1	1	1	1
ZNF503	1	1	1	1	1	1	1	1	1	1	1	1	1	1
ZNF512B	1	1	1	1	1	1	1	1	1	1	1	1	1	1
ZNF513	1	1	1	1	1	1	1	1	1	1	1	1	1	1
ZNF521	1	1	1	1	1	1	1	1	1	1	1	1	1	1
ZNF569	1	1	1	1	1	1	1	1	1	1	1	1	1	1
ZNF571	1	1	1	1	1	1	1	1	1	1	1	1	1	1
ZNF652	1	1	1	1	1	1	1	1	1	1	1	1	1	1
ZNF653	1	1	1	1	1	1	1	1	1	1	1	1	1	1
ZNF667	1	1	1	1	1	1	1	1	1	1	1	1	1	1
ZNF671	1	1	1	1	1	1	1	1	1	1	1	1	1	1
ZNF692	1	1	1	1	1	1	1	1	1	1	1	1	1	1
ZNF699	0.762539865237482	0.681257842626825	0.792980579014497	0.844609323686302	-0.462260718208807	0.978420451943337	-1.14871655050173	0.442026221807326	2.21863291975661	0.102070075958333	-0.211318484843678	0.976172081720909	1.03989969270151	0.626611661051698
ZNF711	1	1	1	1	1	1	1	1	1	1	1	1	1	1
ZNF746	1	1	1	1	1	1	1	1	1	1	1	1	1	1
ZNF750	1	1	1	1	1	1	1	1	1	1	1	1	1	1
ZNF76	1	1	1	1	1	1	1	1	1	1	1	1	1	1
ZNF77	1	1	1	1	1	1	1	1	1	1	1	1	1	1
ZNF79	1	1	1	1	1	1	1	1	1	1	1	1	1	1
ZNF8	1	1	1	1	1	1	1	1	1	1	1	1	1	1
ZNF804A	1	1	1	1	1	1	1	1	1	1	1	1	1	1
ZNF85	1	1	1	1	1	1	1	1	1	1	1	1	1	1
ZNF91	-1.08202973408438	0.533093239557383	0.720474956085745	0.870022825574295	0.431181155703499	0.978420451943337	-0.209143322602269	0.896426503307891	1.07612167095695	0.46179168207317	-1.34787923293399	0.962321347823288	-0.573060662392064	0.815279498415149
ZSCAN10	1	1	1	1	1	1	1	1	1	1	1	1	1	1
ZSCAN18	1	1	1	1	1	1	1	1	1	1	1	1	1	1
ZSCAN21	1	1	1	1	1	1	1	1	1	1	1	1	1	1
ZSCAN26	1	1	1	1	1	1	1	1	1	1	1	1	1	1
ZSCAN9	1	1	1	1	1	1	1	1	1	1	1	1	1	1
ZXDA	1	1	1	1	1	1	1	1	1	1	1	1	1	1
ZXDC	1	1	1	1	1	1	1	1	1	1	1	1	1	1
