,gene_symbol,entrez_id
0,IL20RB,53833
1,IL20RA,53832
2,IL10RB,3588
3,NR4A1,3164
4,MEFV,4210
5,RPS6KB2,6199
6,VCAM1,7412
7,BST2,684
8,TCF4,6925
9,FLI1,2313
10,ICAM1,3383
11,IRF8,3394
12,IRF1,3659
13,IL22RA2,116379
14,IFNL3,282617
15,IFNL2,282616
16,IFNL1,282618
17,RNF111,54778
18,IL9,3578
19,IL13RA1,3597
20,NEDD4L,23327
21,IL19,29949
22,IL26,55801
23,IL24,11009
24,IL20,50604
25,PPM1A,5494
26,IL21,59067
27,OSM,5008
28,IL23R,149233
29,IRF9,10379
30,IL21R,50615
31,IL9R,3581
32,IL13,3596
33,LIF,3976
34,TP53BP2,7159
35,PSTPIP1,9051
36,TP73,7161
37,TRIM28,10155
38,IL4,3565
39,NMI,9111
40,IL22,50616
41,ATF3,467
42,PTPN1,5770
43,GSK3A,2931
44,MCL1,4170
45,IL22RA1,58985
46,INHBB,3625
47,INHBA,3624
48,IL4R,3566
49,PIM1,5292
50,FASLG,356
51,BCL6,604
52,ZFYVE9,9372
53,TRIM33,51592
54,STUB1,10273
55,PPP1CB,5500
56,MDM4,4194
57,IL23A,51561
58,IL12B,3593
59,PRKCI,5584
60,RICTOR,253260
61,TRIM25,7706
62,RNF135,84282
63,FLT4,2324
64,FCER2,2208
65,PYCARD,29108
66,OPRM1,4988
67,SPI1,6688
68,PPP1R15A,23645
69,PTPN2,5771
70,ID2,3398
71,CEBPB,1051
72,PTPN18,26469
73,IL12A,3592
74,FOXH1,8928
75,LAMA5,3911
76,PRKRA,8575
77,PTCH2,8643
78,HHIP,64399
79,SOCS1,8651
80,ATF4,468
81,IL10,3586
82,ID3,3399
83,ID1,3397
84,RCOR1,23186
85,CASP1,834
86,MTMR4,9110
87,MYC,4609
88,CTSD,1509
89,IL10RA,3587
90,STING1,340061
91,TSC2,7249
92,PPP1CA,5499
93,NR1I2,8856
94,IFIH1,64135
95,VDR,7421
96,IRS1,3667
97,ICOS,29851
98,IL1B,3553
99,IL1A,3552
100,IL18,3606
101,POMC,5443
102,LCN2,3934
103,JAK3,3718
104,IL2RG,3561
105,IFNGR2,3460
106,IFNGR1,3459
107,IFNB1,3456
108,IFNAR2,3455
109,IFNAR1,3454
110,IFNA8,3445
111,IFNA7,3444
112,IFNA6,3443
113,IFNA5,3442
114,IFNA4,3441
115,IFNA2,3440
116,IFNA21,3452
117,IFNA1,3439
118,IFNA17,3451
119,IFNA16,3449
120,IFNA14,3448
121,IFNA10,3446
122,CDKN2D,1032
123,CDKN2C,1031
124,CDKN2B,1030
125,ZAP70,7535
126,ICAM2,3384
127,ITGB2,3689
128,ITGAM,3684
129,CASP8,841
130,SP1,6667
131,RBPJ,3516
132,PPARGC1A,10891
133,CDK8,1024
134,RBL1,5933
135,FOXM1,2305
136,SOCS2,8835
137,FBXW7,55294
138,CISH,1154
139,YES1,7525
140,KIT,3815
141,JAK1,3716
142,IL6R,3570
143,SOCS3,9021
144,RORC,6097
145,LIFR,3977
146,ITCH,83737
147,IFNG,3458
148,CDKN2A,1029
149,PRL,5617
150,PRLR,5618
151,JAK2,3717
152,GLI3,2737
153,GLI1,2735
154,GH2,2689
155,GH1,2688
156,PTPN6,5777
157,MYD88,4615
158,IRAK2,3656
159,IRAK1,3654
160,HMGB1,3146
161,ITGB1,3688
162,PTCH1,5727
163,RHEB,6009
164,MTOR,2475
165,MLST8,64223
166,PPARA,5465
167,CLOCK,9575
168,TRAF3,7187
169,TRAF2,7186
170,TNFRSF1B,7133
171,TLR3,7098
172,TICAM1,148022
173,RIPK3,11035
174,RIPK2,8767
175,RIPK1,8737
176,IKBKE,9641
177,PMAIP1,5366
178,IKBKG,8517
179,IKBKB,3551
180,CHUK,1147
181,RAPGEF1,2889
182,FANCL,55120
183,FANCG,2189
184,FANCE,2178
185,FANCC,2176
186,FAAP24,91442
187,YWHAZ,7534
188,YWHAQ,10971
189,YWHAH,7533
190,HLA-G,3135
191,HLA-F,3134
192,HLA-E,3133
193,HLA-C,3107
194,HLA-B,3106
195,SMURF2,64750
196,PPP1CC,5501
197,YWHAG,7532
198,YWHAE,7531
199,TP53,7157
200,ICAM3,3385
201,F3,2152
202,RARA,5914
203,NCOA3,8202
204,MEN1,4221
205,KAT2B,8850
206,JUN,3725
207,ATF2,1386
208,ESR1,2099
209,IRS2,8660
210,VEGFA,7422
211,HIF1A,3091
212,NCOR2,9612
213,NCOR1,9611
214,MED1,5469
215,KDM1A,23028
216,HSP90AB1,3326
217,PAK3,5063
218,NCK2,8440
219,PAK1,5058
220,SMURF1,57154
221,RASA1,5921
222,RHOU,58480
223,PAK2,5062
224,LCK,3932
225,GAB2,9846
226,FOS,2353
227,AKT3,10000
228,PTK6,5753
229,LAMTOR3,8649
230,EP300,2033
231,VIM,7431
232,RELA,5970
233,PRKCD,5580
234,PPP3CB,5532
235,TLR4,7099
236,TRAF6,7189
237,LEF1,51176
238,YWHAB,7529
239,TRIM24,8805
240,RAF1,5894
241,CASP9,842
242,FN1,2335
243,HLA-A,3105
244,HSP90AA1,3320
245,FGF2,2247
246,SOS1,6654
247,PTPN11,5781
248,GRB7,2886
249,RB1,5925
250,IL6,3569
251,FZR1,51343
252,CDC27,996
253,CDC26,246184
254,PPP2R5A,5525
255,PPP2R1B,5519
256,PPP2R1A,5518
257,PPP2CB,5516
258,PPP2CA,5515
259,CUL1,8454
260,ELOC,6921
261,ELOB,6923
262,CDK9,1025
263,PPARG,5468
264,PRKACG,5568
265,PRKACB,5567
266,PRKACA,5566
267,TNF,7124
268,IHH,3549
269,GHR,2690
270,ERBB4,2066
271,PPP3R1,5534
272,PPP3CA,5530
273,YY1,7528
274,RBX1,9978
275,PPARD,5467
276,CXCL12,6387
277,CCL2,6347
278,CCL22,6367
279,CCL11,6356
280,CXCL8,3576
281,SNW1,22938
282,DDX5,1655
283,KAT5,10524
284,CHEK2,11200
285,SRC,6714
286,PTK2,5747
287,NCK1,4690
288,FYN,2534
289,CTNNB1,1499
290,CDKN1B,1027
291,CDKN1A,1026
292,CDK6,1021
293,KRAS,3845
294,HRAS,3265
295,FLNA,2316
296,NCOA2,10499
297,NCOA1,8648
298,GRB2,2885
299,EREG,2069
300,EPGN,255324
301,UBE2I,7329
302,MDM2,4193
303,KPNA2,3838
304,KPNA1,3836
305,IRF7,3665
306,IRF3,3661
307,HSPA1A,3303
308,MUC1,4582
309,MMP9,4318
310,MMP2,4313
311,MMP1,4312
312,WWTR1,25937
313,USP9X,8239
314,USP1,7398
315,USP18,11274
316,USP15,9958
317,USP14,9097
318,USF1,7391
319,UHMK1,127933
320,UCHL5,51377
321,UBE2V1,7335
322,UBE2S,27338
323,UBE2N,7334
324,UBE2L6,9246
325,UBE2E1,7324
326,UBE2D3,7323
327,UBE2D2,7322
328,UBE2D1,7321
329,UBE2C,11065
330,UBC,7316
331,UBB,7314
332,UBA52,7311
333,TYK2,7297
334,TXN,7295
335,TXNIP,10628
336,TWIST1,7291
337,TULP3,7289
338,TUBB6,84617
339,TUBB4B,10383
340,TUBB4A,10382
341,TUBB3,10381
342,TUBB2B,347733
343,TUBB2A,7280
344,TUBB1,81027
345,TUBAL3,79861
346,TUBA4B,80086
347,TUBA4A,7277
348,TUBA3E,112714
349,TUBA3D,113457
350,TUBA3C,7278
351,TUBA1C,84790
352,TUBA1B,10376
353,TUBA1A,7846
354,TGS1,96764
355,TGIF2,60436
356,TGIF1,7050
357,TGFBR3,7049
358,TGFBR2,7048
359,TGFBR1,7046
360,TGFB1,7040
361,TGFA,7039
362,TFDP2,7029
363,TFDP1,7027
364,TCF7L2,6934
365,TCF7L1,83439
366,TCF7,6932
367,TCF3,6929
368,TCF12,6938
369,TBP,6908
370,TBL1XR1,79718
371,TBL1X,6907
372,TBK1,29110
373,TARBP2,6895
374,TAB3,257397
375,TAB2,23118
376,TAB1,10454
377,SYK,6850
378,SUZ12,23512
379,SUMO1,7341
380,STAT6,6778
381,STAT5B,6777
382,STAT5A,6776
383,STAT4,6775
384,STAT3,6774
385,STAT2,6773
386,STAT1,6772
387,STAG2,10735
388,STAG1,10274
389,SRXN1,140809
390,SMC3,9126
391,SMC1A,8243
392,SMARCD3,6604
393,SMAD7,4092
394,SMAD3,4088
395,SMAD2,4087
396,SKP1,6500
397,SKIL,6498
398,SIRT3,23410
399,SIRT1,23411
400,SIN3A,25942
401,SH3GL3,6457
402,SH3BP4,23677
403,SH2B1,25970
404,SGK1,6446
405,SFTPA2,729238
406,SFN,2810
407,SERPINE1,5054
408,SCMH1,22955
409,SAMHD1,25939
410,SALL4,57167
411,SAA1,6288
412,S1PR1,1901
413,S100B,6285
414,S100A12,6283
415,RXRA,6256
416,RUNX3,864
417,RUNX2,860
418,RUNX1,861
419,RRAGD,58528
420,RRAGC,64121
421,RRAGB,10325
422,RRAGA,10670
423,RPTOR,57521
424,RPS6KA5,9252
425,RPS6KA3,6197
426,RPS6KA2,6196
427,RPS6KA1,6195
428,RPS6,6194
429,RPS27A,6233
430,RORA,6095
431,PML,5371
432,PMEPA1,56937
433,PLXND1,23129
434,PKN2,5586
435,PIAS1,8554
436,PHC3,80012
437,PHC2,1912
438,PHC1,1911
439,PGR,5241
440,PGRMC2,10424
441,PELP1,27043
442,PDPK1,5170
443,PDGFRB,5159
444,PDGFRA,5156
445,PDGFB,5155
446,PDGFA,5154
447,PCBP2,5094
448,PBX1,5087
449,PAX5,5079
450,PARN,5073
451,P2RX7,5027
452,P2RX4,5025
453,NUB1,51667
454,NRIP1,8204
455,NRF1,4899
456,NRAS,4893
457,NR5A2,2494
458,NR3C1,2908
459,NR2E1,7101
460,NR1H3,10062
461,NR1D1,9572
462,NPM1,4869
463,NPAS2,4862
464,NOTCH4,4855
465,NOTCH3,4854
466,NOTCH2,4853
467,NOTCH1,4851
468,NOD2,64127
469,NOD1,10392
470,NLRX1,79671
471,NLRP3,114548
472,NLRC5,84166
473,NKIRAS2,28511
474,NKIRAS1,28512
475,NGFR,4804
476,NFYC,4802
477,NFYB,4801
478,NFYA,4800
479,NFKBIB,4793
480,NFKBIA,4792
481,NFKB2,4791
482,NFKB1,4790
483,NFE2L2,4780
484,NFATC3,4775
485,NFATC2,4773
486,NFATC1,4772
487,NELFE,7936
488,NCAM1,4684
489,MBTPS2,51360
490,MBD3,53615
491,MAX,4149
492,MAVS,57506
493,MAPKAPK5,8550
494,MAPKAPK3,7867
495,MAPKAPK2,9261
496,MAPKAP1,79109
497,MAPK9,5601
498,MAPK8,5599
499,MAPK7,5598
500,MAPK3,5595
501,MAPK1,5594
502,MAPK14,1432
503,MAPK11,5600
504,MAPK10,5602
505,MAP4K4,9448
506,MAP3K7,6885
507,MAP3K5,4217
508,MAP3K1,4214
509,MAP2K7,5609
510,MAP2K6,5608
511,MAP2K4,6416
512,MAP2K3,5606
513,MAMLD1,10046
514,MAML3,55534
515,MAML2,84441
516,MAML1,9794
517,MALT1,10892
518,MAFK,7975
519,MAFG,4097
520,LYN,4067
521,LYL1,4066
522,LY96,23643
523,LRRFIP1,9208
524,HGF,3082
525,HEY2,23493
526,HEY1,23462
527,HES1,3280
528,HERC5,51191
529,HELZ2,85441
530,HDAC9,9734
531,HDAC8,55869
532,HDAC7,51564
533,HDAC6,10013
534,HDAC5,10014
535,HDAC4,9759
536,HDAC3,8841
537,HDAC2,3066
538,HDAC1,3065
539,HDAC11,79885
540,HDAC10,83933
541,HCK,3055
542,HBEGF,1839
543,HBB,3043
544,HBA2,3040
545,HBA1,3039
546,H4C9,554313
547,H4C15,554313
548,H4C8,8365
549,H4C6,8361
550,H4C5,8367
551,H4C4,8360
552,H4C3,8364
553,H4C2,8366
554,H4C1,8359
555,H4C14,8370
556,H4C13,8368
557,H4C12,8362
558,H4C11,8363
559,H3C8,8355
560,H3C7,8968
561,H3C6,8353
562,H3C4,8351
563,H3C3,8352
564,H3C2,8358
565,H3C1,8350
566,H3C15,333932
567,H3C14,126961
568,H3C13,653604
569,H3C12,8356
570,H3C11,8354
571,H3C10,8357
572,H3-3B,3021
573,H3-3A,3020
574,H2BC9,8345
575,H2BC8,8339
576,H2BC7,8343
577,H2BC6,8344
578,H2BC4,8347
579,H2BC3,3018
580,H2BC21,8349
581,H2BC1,255626
582,H2BC17,8348
583,H2BC15,8341
584,H2BC14,8342
585,H2BC13,8340
586,H2BC12L,54145
587,H2BC12,85236
588,H2BC11,8970
589,H2BC10,8346
590,H2AZ2,94239
591,H2AX,3014
592,H2AJ,55766
593,H2AC8,3012
594,H2AC7,3013
595,H2AC6,8334
596,H2AC4,8335
597,H2AC20,8338
598,H2AC19,723790
599,H2AC18,8337
600,H2AB1,474382
601,GZMB,3002
602,GTF2F2,2963
603,GTF2F1,2962
604,GTF2A2,2958
605,GTF2A1,2957
606,GSK3B,2932
607,GSDMD,79792
608,GATAD2B,57459
609,GATAD2A,54815
610,GATA3,2625
611,GATA2,2624
612,GATA1,2623
613,FOXO4,4303
614,FOXO3,2309
615,FOXO1,2308
616,EIF2S3,1968
617,EIF2S2,8894
618,EIF2S1,1965
619,EIF2AK2,5610
620,EGR3,1960
621,EGR2,1959
622,EGR1,1958
623,EGF,1950
624,EED,8726
625,E2F5,1875
626,E2F4,1874
627,E2F3,1871
628,E2F2,1870
629,E2F1,1869
630,DUS2,54920
631,DRAP1,10589
632,DPP4,1803
633,DNAJC3,5611
634,DMD,1756
635,DMAP1,55929
636,DLG3,1741
637,DIS3,22894
638,DHX9,1660
639,DHX36,170506
640,DHH,50846
641,DFFB,1677
642,CSNK2A1,1457
643,CSH1,1442
644,CSF3R,1441
645,CSF3,1440
646,CRTC3,64784
647,CRTC2,200186
648,CRTC1,23373
649,CRKL,1399
650,CRK,1398
651,CREBBP,1387
652,CREB1,1385
653,CPSF6,11052
654,COMMD9,29099
655,COMMD7,149951
656,COMMD3,23412
657,COMMD1,150684
658,COL1A2,1278
659,CNTRL,11064
660,CNPY3,10695
661,CDK5R1,8851
662,CDK5,1020
663,CDK4,1019
664,CDK2,1017
665,CDK1,983
666,CDH1,999
667,CDC23,8697
668,CDC16,8881
669,CD44,960
670,CD36,948
671,CD274,29126
672,CD209,30835
673,CCNT2,905
674,CCNT1,904
675,CCNK,8812
676,CCNE2,9134
677,CCNE1,898
678,CCND3,896
679,CCND2,894
680,CCND1,595
681,CCNC,892
682,CCNB1,891
683,CCNA2,890
684,CCNA1,8900
685,CBX8,57332
686,CBX6,23466
687,CBX5,23468
688,CBX4,8535
689,CBX2,84733
690,CBFB,865
691,CAV1,857
692,CAMK2G,818
693,CAMK2D,817
694,CAMK2B,816
695,CAMK2A,815
696,CALM1,801
697,C3,718
698,C3AR1,719
699,BTC,685
700,BSN,8927
701,BRD8,10902
702,BRCA1,672
703,BOC,91653
704,BMI1,648
705,BIRC5,332
706,BCR,613
707,BCL2L1,598
708,BCL2,596
709,BCAR1,9564
710,BBC3,27113
711,BAMBI,25805
712,BAD,572
713,BACH1,571
714,B2M,567
715,AXIN2,8313
716,AXIN1,8312
717,ASH2L,9070
718,ASF1A,25842
719,ASCL1,429
720,ARIH1,25820
721,AR,367
722,AREG,374
723,ARC,23237
724,APP,351
725,APOB,338
726,APOA1,335
727,ANXA1,301
728,ANAPC7,51434
729,ANAPC5,51433
730,ANAPC4,29945
731,ANAPC2,29882
732,ANAPC1,64682
733,ANAPC16,119504
734,ANAPC15,25906
735,ANAPC10,10393
736,A2M,2
737,SMAD4,4089
738,PRKCA,5578
739,PTEN,5728
740,FKBP1A,2280
741,PRMT1,3276
742,CARM1,10498
743,CTBP1,1487
744,F13A1,2162
745,SKI,6497
746,SIRT6,51548
747,PARP1,142
748,NUDT11,55190
749,NUDT10,170685
750,NQO1,1728
751,NOS2,4843
752,KAT2A,2648
753,GPAM,57678
754,DNM2,1785
755,CA10,56934
756,PTGES3,10728
757,SLC4A1,6521
758,PTGS2,5743
759,RPE,6120
760,PLCG1,5335
761,PIK3R3,8503
762,PIK3R2,5296
763,PIK3R1,5295
764,GCLC,2729
765,EHMT2,10919
766,EHMT1,79813
767,EGFR,1956
768,DNMT1,1786
769,CLTRN,57393
770,ANAPC11,51529
771,TXNRD1,7296
772,TUBA8,51807
773,TALDO1,6888
774,PIKFYVE,200576
775,PIK3CB,5291
776,PIK3CA,5290
777,PGLS,25796
778,PGD,5226
779,NT5E,4907
780,MAOA,4128
781,GSTA3,2940
782,GSTA1,2938
783,GSR,2936
784,GCLM,2730
785,ASNS,440
786,MAPT,4137
787,LILRA4,23547
788,ELK1,2002
789,SRF,6722
790,ETS2,2114
791,POU2F1,5451
792,IFNLR1,163702
793,POLR2A,5430
794,IL13RA2,3598
795,CHD3,1107
796,RAD21,5885
797,SNAI1,6615
798,EPAS1,2034
799,MITF,4286
800,PRDX1,5052
801,OPRD1,4985
802,TLE1,7088
803,MECP2,4204
804,ATF1,466
805,HMGA1,3159
806,MYOD1,4654
807,DDIT3,1649
808,SNCA,6622
809,FANCM,57697
810,FANCA,2175
811,FCGR1A,2209
812,CD93,22918
813,EZH2,2146
814,GLI2,2736
815,MAF1,84232
816,NANOG,79923
817,MLKL,197259
818,FANCF,2188
819,MEF2D,4209
820,JUND,3727
821,FOSL1,8061
822,TOMM70,9868
823,ELF3,1999
824,MYB,4602
825,FSCN1,6624
826,KLF5,688
827,ITGAX,3687
828,KHSRP,8570
829,YBX1,4904
830,HMOX1,3162
831,RRAD,6236
832,CUL5,8065
833,TPH1,7166
834,WWC1,23286
835,ILF3,3609
836,LMNB1,4001
837,CHD4,1108
838,IFITM3,10410
839,KPNB1,3837
840,PPIA,5478
841,POLR2L,5441
842,POLR2K,5440
843,POLR2J,5439
844,POLR2I,5438
845,POLR2H,5437
846,POLR2G,5436
847,POLR2F,5435
848,POLR2E,5434
849,POLR2D,5433
850,POLR2C,5432
851,POLR2B,5431
852,FANCB,2187
853,FAAP20,199990
854,FAAP100,80233
855,SOD3,6649
856,SOX2,6657
857,CEBPA,1050
858,OTOF,9381
859,LAMTOR5,10542
860,LAMTOR4,389541
861,LAMTOR1,55004
862,LAMTOR2,28956
863,CENPX,201254
864,CENPS,378708
865,ISG15,9636
866,MX2,4600
867,MX1,4599
868,IFIT1,3434
869,USF2,7392
870,KDM4B,23030
871,TLR7,51284
872,RELB,5971
873,IFNA13,3447
874,HSPA8,3312
875,TUBB8,347688
876,TUBB8B,260334
877,ZMYM2,7750
878,MYO18A,399687
879,FGFR1OP2,26127
880,CUX1,1523
881,CEP43,11116
882,MYBL2,4605
883,RBBP4,5928
884,PRDM1,639
885,VENTX,27287
886,TLE4,7091
887,TLE2,7089
888,TLE3,7090
889,VGF,7425
890,MEF2C,4208
891,TFF1,7031
892,RBBP7,5931
893,IRF5,3663
894,TRIM4,89122
895,ZBP1,81030
896,XPO1,7514
897,TIFA,92610
898,CEBPD,1052
899,BATF,10538
900,HSPA2,3306
901,HSPA1L,3305
902,HSPA1B,3304
903,STRAP,11171
904,JUNB,3726
905,FURIN,5045
906,ZC3HC1,51530
907,FOXO6,100132074
908,SLC38A9,153129
909,SFTPD,6441
910,SP100,6672
911,SREBF2,6721
912,SP7,121340
913,NR4A3,8013
914,KCTD6,200845
915,TRIM21,6737
916,FABP7,2173
917,PPIG,9360
918,RHOD,29984
919,MMP3,4314
920,MTA1,9112
921,SP3,6670
922,PPIH,10465
923,RNF2,6045
924,RING1,6015
925,RNASEL,6041
926,OAS3,4940
927,OAS2,4939
928,OAS1,4938
929,HLA-DRB5,3127
930,HLA-DRB4,3126
931,HLA-DRB3,3125
932,HLA-DRB1,3123
933,HLA-DRA,3122
934,HLA-DQB2,3120
935,HLA-DQB1,3119
936,HLA-DQA1,3117
937,HLA-DQA2,3118
938,HLA-DPB1,3115
939,HLA-DPA1,3113
940,ID4,3400
941,MECOM,2122
942,PPIB,5479
943,PANX1,24145
944,PSMC6,5706
945,PSMB8,5696
946,ZNF217,7764
947,REST,5978
948,PRF1,5551
949,BCL2A1,597
950,HES5,388585
951,PTCRA,171558
952,DLGAP5,9787
953,HEYL,26508
954,SUGT1,10910
955,SLC7A11,23657
956,RNF7,9616
957,ATF6,22926
958,MTA3,57504
959,MTA2,9219
960,ALOX5,240
961,PRR5,55615
962,ETS1,2113
963,ERF,2077
964,FKBP4,2288
965,SPHK1,8877
966,NCOA6,23054
967,CDKN1C,1028
968,H1-5,3009
969,GNA15,2769
970,GNA14,9630
971,TFF3,7033
972,IGFBP1,3484
973,KLF4,9314
974,ILF2,3608
975,NAB2,4665
976,NAB1,4664
977,TRIB1,10221
978,CLEC1B,51266
979,FAM20C,56975
980,EP400,57634
981,NBEA,26960
982,EXOSC9,5393
983,EXOSC8,11340
984,EXOSC7,23016
985,EXOSC6,118460
986,EXOSC5,56915
987,EXOSC4,54512
988,EXOSC3,51010
989,EXOSC2,23404
990,EXOSC1,51013
991,H1-4,3008
992,H1-3,3007
993,H1-2,3006
994,H1-1,3024
995,H1-0,3005
996,FOSB,2354
997,TFAP2D,83741
998,GREB1,9687
999,SOCS5,9655
1000,HSP90B1,7184
1001,ENTPD1,953
1002,LBP,3929
1003,PTAFR,5724
1004,EBAG9,9166
1005,CXXC5,51523
1006,FOXA1,3169
1007,MT2A,4502
1008,SOD1,6647
1009,TNIK,23043
1010,MINK1,50488
1011,ALPK1,80216
1012,CITED1,4435
1013,ALOX15,246
1014,HIRA,7290
1015,HMGA2,8091
1016,IFITM1,8519
1017,ELF2,1998
1018,ELF1,1997
1019,CABIN1,23523
1020,CTBP2,1488
1021,CTCF,10664
1022,UBN1,29855
1023,GGCX,2677
1024,TKT,7086
1025,IP6K2,51447
1026,ENTPD5,957
1027,TKFC,26007
1028,ATP1B4,23439
1029,G6PD,2539
1030,CHD9,80205
1031,KDM6B,23135
1032,ZFPM2,23414
1033,CXCR4,7852
1034,PRKDC,5591
1035,TFAP2A,7020
1036,TEAD4,7004
1037,TBXT,6862
1038,GATA6,2627
1039,FOXA2,3170
1040,AGO2,27161
1041,POU2F2,5452
1042,MEF2A,4205
1043,LDB1,8861
1044,NR0B2,8431
1045,HNF4A,3172
1046,FBXW11,23291
1047,CARD11,84433
1048,PRKCB,5579
1049,UBXN1,51035
1050,NKX2-5,1482
1051,NGLY1,55768
1052,NFKBIE,4794
1053,E2F6,1876
1054,CSNK2A2,1459
1055,COMMD6,170622
1056,BTRC,8945
1057,BCL10,8915
1058,AZIN1,51582
1059,RASGRP3,25780
1060,RASGRP1,10125
1061,REL,5966
1062,OAZ3,51686
1063,OAZ2,4947
1064,OAZ1,4946
1065,PSMF1,9491
1066,PSME4,23198
1067,PSME3,10197
1068,PSME2,5721
1069,PSME1,5720
1070,PSMD9,5715
1071,PSMD8,5714
1072,PSMD7,5713
1073,PSMD6,9861
1074,PSMD5,5711
1075,PSMD4,5710
1076,PSMD3,5709
1077,PSMD2,5708
1078,PSMD1,5707
1079,PSMD14,10213
1080,PSMD13,5719
1081,PSMD12,5718
1082,PSMD11,5717
1083,PSMD10,5716
1084,PSMC5,5705
1085,PSMC4,5704
1086,PSMC3,5702
1087,PSMC2,5701
1088,PSMC1,5700
1089,PSMB9,5698
1090,PSMB7,5695
1091,PSMB6,5694
1092,PSMB5,5693
1093,PSMB4,5692
1094,PSMB3,5691
1095,PSMB2,5690
1096,PSMB1,5689
1097,PSMB11,122706
1098,PSMB10,5699
1099,PSMA8,143471
1100,PSMA7,5688
1101,PSMA6,5687
1102,PSMA5,5686
1103,PSMA4,5685
1104,PSMA3,5684
1105,PSMA2,5683
1106,PSMA1,5682
1107,MYF5,4617
1108,ODC1,4953
1109,STK36,27148
1110,LATS2,26524
1111,ACVR1B,91
1112,WT1,7490
1113,ULK3,25989
1114,SLC17A4,10050
1115,SLC25A20,788
1116,NR2F6,2063
1117,NR1I3,9970
1118,THRB,7068
1119,STK11,6794
1120,MFAP2,4237
1121,TRIB3,57761
1122,LMO2,4005
1123,ESR2,2100
1124,CALR,811
1125,RARG,5916
1126,GRB10,2887
1127,HSPA5,3309
1128,XBP1,7494
1129,TGFB2,7042
1130,TAL1,6886
1131,SMARCA5,8467
1132,PLK1,5347
1133,NR2F2,7026
1134,HCFC1,3054
1135,GATA5,140628
1136,EIF2AK1,27102
1137,DLX5,1749
1138,CREB3,10488
1139,TST,7263
1140,DNMT3B,1789
1141,HNF1A,6927
1142,HSF1,3297
1143,ETV4,2118
1144,NFAT5,10725
1145,PAX3,5077
1146,ISL1,3670
1147,TWIST2,117581
1148,KAT7,11143
1149,SATB1,6304
1150,JDP2,122953
1151,ERG,2078
1152,CDX2,1045
1153,ATF5,22809
1154,BCL11A,53335
1155,CHAC1,79094
1156,BMP5,653
1157,ITGA8,8516
1158,ITGA9,3680
1159,STMN1,3925
1160,IRAK3,11213
1161,BCCIP,56647
1162,RANBP1,5902
1163,IGBP1,3476
1164,TRAF5,7188
1165,IFI16,3428
1166,HSPB8,26353
1167,PRKD3,23683
1168,NAA10,8260
1169,SLAMF1,6504
1170,MAP2,4133
1171,MYOC,4653
1172,S100A4,6275
1173,SEMA3D,223117
1174,ANGPTL2,23452
1175,C1QTNF1,114897
1176,FBLN1,2192
1177,FBN1,2200
1178,MFGE8,4240
1179,TIMP3,7078
1180,TIMP2,7077
1181,ACVRL1,94
1182,LGALS1,3956
1183,NEDD9,4739
1184,NUTF2,10204
1185,NCOA4,8031
1186,GRN,2896
1187,REN,5972
1188,STK10,6793
1189,PRKX,5613
1190,PTPRE,5791
1191,STK24,8428
1192,DISC1,27185
1193,HIPK3,10114
1194,TP53RK,112858
1195,FBLIM1,54751
1196,PREX1,57580
1197,TLK2,11011
1198,NLRC4,58484
1199,ILK,3611
1200,VEGFC,7424
1201,RARRES2,5919
1202,CCL15,6359
1203,CCL14,6358
1204,STK39,27347
1205,DDR2,4921
1206,MST1,4485
1207,ITGB6,3694
1208,MAP4K2,5871
1209,PTPRC,5788
1210,RASSF1,11186
1211,CTSB,1508
1212,CFL1,1072
1213,FAS,355
1214,HTRA2,27429
1215,CCL8,6355
1216,ASF1B,55723
1217,CASP6,839
1218,BNIP3,664
1219,SH3GLB1,51100
1220,BACE2,25825
1221,MMP14,4323
1222,DCLRE1B,64858
1223,CCN2,1490
1224,TRAF1,7185
1225,TXLNA,200081
1226,SELPLG,6404
1227,STK3,6788
1228,LIMK2,3985
1229,SEMA3E,9723
1230,SEMA7A,8482
1231,PDGFD,80310
1232,CXCR1,3577
1233,CXCL9,4283
1234,CXCL6,6372
1235,CXCL2,2920
1236,CXCL1,2919
1237,CXCL16,58191
1238,CXCL11,6373
1239,CXCL10,3627
1240,TESK1,7016
1241,RACK1,10399
1242,RRAS,6237
1243,RALB,5899
1244,HSPB1,3315
1245,SQSTM1,8878
1246,LGALS9,3965
1247,RGS19,10287
1248,PYY,5697
1249,MYOCD,93649
1250,LAMA2,3908
1251,ITGAV,3685
1252,EIF4EBP1,1978
1253,IL33,90865
1254,ATG3,64422
1255,TSG101,7251
1256,LIPH,200879
1257,ATG101,60673
1258,FCER1G,2207
1259,PRKG1,5592
1260,FHL2,2274
1261,NCF2,4688
1262,RXRG,6258
1263,F2,2147
1264,ITGB7,3695
1265,ITGAE,3682
1266,CD58,965
1267,CD48,962
1268,FADD,8772
1269,DEFB1,1672
1270,CKS1B,1163
1271,KITLG,4254
1272,SPP1,6696
1273,ITGA4,3676
1274,CAMK1,8536
1275,TNFRSF14,8764
1276,TLR2,7097
1277,ITGA3,3675
1278,LAMC2,3918
1279,LAMA3,3909
1280,PRKCE,5581
1281,TRADD,8717
1282,TNFSF13B,10673
1283,TNFRSF11A,8792
1284,TNFAIP3,7128
1285,CYLD,1540
1286,CASP2,835
1287,GABARAP,11337
1288,GABARAPL2,11345
1289,XRCC6,2547
1290,RAD51AP1,10635
1291,BID,637
1292,THBS2,7058
1293,THBS1,7057
1294,VCAN,1462
1295,DCN,1634
1296,LILRB1,10859
1297,F8,2157
1298,TGFB3,7043
1299,PYGO1,26108
1300,PSAP,5660
1301,F2R,2149
1302,MPP1,4354
1303,CYTH2,9266
1304,SPRY1,10252
1305,MDK,4192
1306,LCP2,3937
1307,FGFR2,2263
1308,FGF7,2252
1309,FCGR3A,2214
1310,FCGR2A,2212
1311,PSENEN,55851
1312,CYCS,54205
1313,FGA,2243
1314,GJA1,2697
1315,EPHB2,2048
1316,TNFSF13,8741
1317,NEDD8,4738
1318,PPP6C,5537
1319,RAB1A,5861
1320,GMNN,51053
1321,VCP,7415
1322,UNC5B,219699
1323,NECTIN1,5818
1324,GNA13,10672
1325,IQGAP1,8826
1326,VWF,7450
1327,JAG1,182
1328,EPHA3,2042
1329,WIPF1,7456
1330,GNG2,54331
1331,GNB2,2783
1332,GNB1,2782
1333,GNAI3,2773
1334,CCL3,6348
1335,HSPG2,3339
1336,GPC3,2719
1337,DAXX,1616
1338,NBN,4683
1339,YAP1,10413
1340,SLIT2,9353
1341,RAC2,5880
1342,RAC1,5879
1343,PTPN13,5783
1344,DAB2,1601
1345,PRKAA2,5563
1346,RHOA,387
1347,RAN,5901
1348,MMP7,4316
1349,XCL2,6846
1350,WSB2,55884
1351,WNT4,54361
1352,WNT3A,89780
1353,WNK2,65268
1354,WLS,79971
1355,UTP3,57050
1356,UTP18,51096
1357,USP39,10713
1358,USP30,84749
1359,USP10,9100
1360,USH1C,10083
1361,USE1,55850
1362,UNG,7374
1363,ULK1,8408
1364,UCHL3,7347
1365,UBL5,59286
1366,UBL4A,8266
1367,UBE2V2,7336
1368,UBE2T,29089
1369,UBE2Q2,92912
1370,UBE2M,9040
1371,UBE2L3,7332
1372,UBE2J1,51465
1373,UBE2F,140739
1374,UBE2A,7319
1375,UBAP1,51271
1376,UBA6,55236
1377,UBA3,9039
1378,TXNL4A,10907
1379,TWF1,5756
1380,TUT7,79670
1381,TTL,150465
1382,TSTD1,100131187
1383,TRPV2,51393
1384,THOC7,80145
1385,THOC6,79228
1386,THBD,7056
1387,TEK,7010
1388,TDP2,51567
1389,TCTN3,26123
1390,TCP1,6950
1391,TBX20,57057
1392,TBCC,6903
1393,TBCB,1155
1394,TBCA,6902
1395,TBC1D4,9882
1396,TBC1D25,4943
1397,TAP1,6890
1398,TAGAP,117289
1399,TAF9,6880
1400,TAF13,6884
1401,TAF12,6883
1402,TAF10,6881
1403,TADA3,10474
1404,TACO1,51204
1405,SYP,6855
1406,SYF2,25949
1407,SVBP,374969
1408,SURF1,6834
1409,SUPT4H1,6827
1410,SUMO3,6612
1411,SULT1C4,27233
1412,STX4,6810
1413,STX3,6809
1414,STEAP3,55240
1415,ST8SIA4,7903
1416,SSR3,6747
1417,SSR2,6746
1418,SSNA1,8636
1419,SRSF9,8683
1420,SRI,6717
1421,SMARCE1,6605
1422,SLC12A2,6558
1423,SLBP,7884
1424,SLA,6503
1425,SKA2,348235
1426,SIGIRR,59307
1427,SIAH2,6478
1428,SH3BP1,23616
1429,SH2D1A,4068
1430,SFTPC,6440
1431,SFTPB,6439
1432,SF3B6,51639
1433,SF3B5,83443
1434,SET,6418
1435,SETD3,84193
1436,SESN1,27244
1437,SERPINE2,5270
1438,SERPINB8,5271
1439,SERPINB6,5269
1440,SEPTIN7,989
1441,SENP3,26168
1442,SEMA4D,10507
1443,SELP,6403
1444,SELL,6402
1445,SELENOS,55829
1446,SEC61G,23480
1447,SEC61B,10952
1448,SEC23A,10484
1449,SEC22B,9554
1450,SEC22A,26984
1451,SEC13,6396
1452,SDC3,9672
1453,SAP18,10284
1454,SAMM50,25813
1455,SAE1,10055
1456,S100A9,6280
1457,S100A8,6279
1458,S100A10,6281
1459,RXRB,6257
1460,RRP9,9136
1461,RPSA,3921
1462,RPS9,6203
1463,RPS8,6202
1464,RPS7,6201
1465,RPS5,6193
1466,RPS4X,6191
1467,RPS3,6188
1468,RPS3A,6189
1469,RPS2,6187
1470,RPS29,6235
1471,RPS27L,51065
1472,RPS27,6232
1473,RPS26,6231
1474,RPS25,6230
1475,RPS24,6229
1476,RPS23,6228
1477,RPS21,6227
1478,RPS20,6224
1479,RPS19,6223
1480,RPS19BP1,91582
1481,RPS18,6222
1482,RPS17,6218
1483,RPS16,6217
1484,RPS15,6209
1485,RPS15A,6210
1486,RPS14,6208
1487,RPS13,6207
1488,RPS12,6206
1489,RPS11,6205
1490,RPS10,6204
1491,RPP40,10799
1492,RPP30,10556
1493,RPP25,54913
1494,RPP21,79897
1495,RPLP2,6181
1496,RPLP1,6176
1497,RPLP0,6175
1498,RPL9,6133
1499,RPL8,6132
1500,RPL7,6129
1501,RPL7A,6130
1502,RPL6,6128
1503,RPL4,6124
1504,RPL41,6171
1505,RPL3,6122
1506,RPL39,6170
1507,RPL38,6169
1508,RPL37,6167
1509,RPL37A,6168
1510,RPL36,25873
1511,RPL36AL,6166
1512,RPL35,11224
1513,RPL35A,6165
1514,RPL34,6164
1515,RPL32,6161
1516,RPL31,6160
1517,RPL30,6156
1518,RPL29,6159
1519,RPL28,6158
1520,RPL27,6155
1521,RPL27A,6157
1522,RPL26L1,51121
1523,RPL26,6154
1524,RPL24,6152
1525,RPL23,9349
1526,RPL23A,6147
1527,RPL22L1,200916
1528,RPL22,6146
1529,RPL21,6144
1530,RPL19,6143
1531,RPL18,6141
1532,RPL18A,6142
1533,RPL17,6139
1534,RPL15,6138
1535,RPL13,6137
1536,RPL13A,23521
1537,RPL12,6136
1538,RPL11,6135
1539,RPL10,6134
1540,RPL10A,4736
1541,RPA3,6119
1542,ROR2,4920
1543,ROCK2,9475
1544,ROBO1,6091
1545,PMPCB,9512
1546,PLXNC1,10154
1547,PLTP,5360
1548,PLK2,10769
1549,PLG,5340
1550,PLBD1,79887
1551,PLAU,5328
1552,PLAT,5327
1553,PLA2R1,22925
1554,PKP4,8502
1555,PKD1,5310
1556,PJA1,64219
1557,PIWIL4,143689
1558,PIDD1,55367
1559,PHF5A,84844
1560,PHF19,26147
1561,PHB2,11331
1562,PHB1,5245
1563,PFN1,5216
1564,PFDN6,10471
1565,PFDN5,5204
1566,PFDN4,5203
1567,PFDN2,5202
1568,PFDN1,5201
1569,PEX7,5191
1570,PEX3,8504
1571,PEX19,5824
1572,PERP,64065
1573,PECAM1,5175
1574,PEBP1,5037
1575,PEA15,8682
1576,PDZD11,51248
1577,PDP1,54704
1578,PDIA3,2923
1579,PDCD6IP,10015
1580,PCTP,58488
1581,PCLO,27445
1582,PAX2,5076
1583,PARVA,55742
1584,PARD6A,50855
1585,PAGR1,79447
1586,NTS,4922
1587,NTRK2,4915
1588,NTRK1,4914
1589,NTN1,9423
1590,NSMCE3,56160
1591,NSMCE1,197370
1592,NSL1,25936
1593,NRXN2,9379
1594,NRP1,8829
1595,NPRL2,10641
1596,NPNT,255743
1597,NOP10,55505
1598,NISCH,11188
1599,NIPAL2,79815
1600,NHP2,55651
1601,NFASC,23114
1602,NEURL1B,54492
1603,NCAPG,64151
1604,NCAN,1463
1605,MCM6,4175
1606,MCM3,4172
1607,MCHR1,2847
1608,MCAM,4162
1609,MASTL,84930
1610,MASP2,10747
1611,MAPRE1,22919
1612,MAP1LC3B,81631
1613,MAP1LC3A,84557
1614,MAIP1,79568
1615,MAGOH,4116
1616,MAGOHB,55110
1617,MADD,8567
1618,MAD2L2,10459
1619,M6PR,4074
1620,LY86,9450
1621,LUM,4060
1622,LTBP4,8425
1623,LTB,4050
1624,LSM7,51690
1625,LSM6,11157
1626,LSM5,23658
1627,LSM4,25804
1628,LSM3,27258
1629,LSM2,57819
1630,LSM1,27257
1631,LSM10,84967
1632,HENMT1,113802
1633,HAVCR2,84868
1634,HAUS1,115106
1635,HAT1,8520
1636,H2AZ1,3015
1637,H2AC21,317772
1638,H2AC13,8329
1639,H2AC12,85235
1640,GTF3C6,112495
1641,GTF3A,2971
1642,GTF2H5,404672
1643,GTF2B,2959
1644,GSN,2934
1645,GRPEL1,80273
1646,GRK3,157
1647,GNAI2,2771
1648,GCHFR,2644
1649,FYTTD1,84248
1650,EIF4A2,1974
1651,EIF4A1,1973
1652,EIF3M,10480
1653,EIF3L,51386
1654,EIF3K,27335
1655,EIF3I,8668
1656,EIF3H,8667
1657,EIF3G,8666
1658,EIF3F,8665
1659,EIF3D,8664
1660,EFEMP2,30008
1661,EFEMP1,2202
1662,EEF2KMT,196483
1663,EEF1B2,1933
1664,EEF1AKMT1,221143
1665,EEF1A2,1917
1666,EEF1A1,1915
1667,EDNRB,1910
1668,EDNRA,1909
1669,ECSIT,51295
1670,EBI3,10148
1671,EAF2,55840
1672,E2F8,79733
1673,DZIP1,22873
1674,DYRK2,8445
1675,DYNLRB2,83657
1676,DYNLRB1,83658
1677,DYNLL1,8655
1678,DYNC2I2,89891
1679,DYNC1I2,1781
1680,DTL,51514
1681,DSG1,1828
1682,DSE,29940
1683,DR1,1810
1684,DPY30,84661
1685,DPH3,285381
1686,DPH2,1802
1687,DOK2,9046
1688,DOHH,83475
1689,DOCK8,81704
1690,DOCK2,1794
1691,DOCK11,139818
1692,DOCK10,55619
1693,DNPH1,10591
1694,DNASE2,1777
1695,DNAL4,10126
1696,DNAJC19,131118
1697,DNAJB1,3337
1698,DNAJA1,3301
1699,DLGAP4,22839
1700,DLGAP3,58512
1701,DLGAP2,9228
1702,DKK2,27123
1703,DERL2,51009
1704,DERL1,79139
1705,CST3,1471
1706,CSNK2B,1460
1707,CSF2RB,1439
1708,CSF1R,1436
1709,CRTAP,10491
1710,CRH,1392
1711,CREB3L3,84699
1712,CRADD,8738
1713,COX16,51241
1714,COX14,84987
1715,COPZ2,51226
1716,COPZ1,22818
1717,COPS8,10920
1718,COPS7A,50813
1719,COPS5,10987
1720,COPS4,51138
1721,COPS3,8533
1722,COPRS,55352
1723,COPE,11316
1724,COPB1,1315
1725,COLEC11,78989
1726,COL8A2,1296
1727,COL6A3,1293
1728,COL6A2,1292
1729,COL6A1,1291
1730,COL5A2,1290
1731,COL5A1,1289
1732,COL4A5,1287
1733,COL4A4,1286
1734,COL4A3,1285
1735,COL4A2,1284
1736,COL4A1,1282
1737,COL3A1,1281
1738,COL1A1,1277
1739,COL16A1,1307
1740,COL15A1,1306
1741,COL14A1,7373
1742,COL12A1,1303
1743,COL11A1,1301
1744,COG8,84342
1745,COG7,91949
1746,COG5,10466
1747,COG4,25839
1748,COG3,83548
1749,COG2,22796
1750,COG1,9382
1751,COA1,55744
1752,CNOT8,9337
1753,CNIH1,10175
1754,CLTC,1213
1755,CLTB,1212
1756,CLTA,1211
1757,CLPP,8192
1758,CLP1,10978
1759,CDK19,23097
1760,CDH6,1004
1761,CDH5,1003
1762,CDH11,1009
1763,CDC7,8317
1764,CDC6,990
1765,CDC45,8318
1766,CDC42BPA,8476
1767,CDC42,998
1768,CD96,10225
1769,CD8B,926
1770,CD8A,925
1771,CD86,942
1772,CD81,975
1773,CD79B,974
1774,CD79A,973
1775,CD74,972
1776,CD72,971
1777,CD59,966
1778,CD47,961
1779,CD3E,916
1780,CD3D,915
1781,CD34,947
1782,CD300LB,124599
1783,CD2,914
1784,CD24,100133941
1785,CD244,51744
1786,CD1C,911
1787,CD1B,910
1788,CD180,4064
1789,CD177,57126
1790,CD151,977
1791,CCT8,10694
1792,CCT6A,908
1793,CCT5,22948
1794,CCT4,10575
1795,CCT3,7203
1796,CCT2,10576
1797,CCR6,1235
1798,CCR5,1234
1799,CCR2,729230
1800,CCR1,1230
1801,CCN1,3491
1802,CCL5,6352
1803,CCL4L2,388372
1804,CCL4,6351
1805,CCL21,6366
1806,CCL20,6364
1807,CCL19,6363
1808,CCDC115,84317
1809,CC2D1B,200014
1810,CBX3,11335
1811,CBL,867
1812,CAVIN1,284119
1813,CAV2,858
1814,CAPNS1,826
1815,CAPN2,824
1816,C8G,733
1817,C7,730
1818,C1QC,714
1819,C1QBP,708
1820,C1QB,713
1821,C1QA,712
1822,C1GALT1C1,29071
1823,C1D,10438
1824,BYSL,705
1825,BUD31,8896
1826,BUB3,9184
1827,BUB1,699
1828,BTLA,151888
1829,BTK,695
1830,BTG2,7832
1831,BTBD6,90135
1832,BSG,682
1833,BRMS1,25855
1834,BRK1,55845
1835,BNIP3L,665
1836,BNIP1,662
1837,BLOC1S4,55330
1838,BLOC1S1,2647
1839,BLM,641
1840,BIRC3,330
1841,BICD1,636
1842,BHLHE41,79365
1843,BEX3,27018
1844,BDKRB2,624
1845,BCL9L,283149
1846,BCAS2,10286
1847,BCAP31,10134
1848,BBS12,166379
1849,BAZ1B,9031
1850,BAX,581
1851,BASP1,10409
1852,BANF1,8815
1853,BAG6,7917
1854,BAG1,573
1855,BABAM1,29086
1856,AXL,558
1857,AVPR2,554
1858,AURKAIP1,54998
1859,AURKA,6790
1860,ATXN7L3,56970
1861,ASPN,54829
1862,ASB2,51676
1863,ASAP1,50807
1864,ARV1,64801
1865,ARPP19,10776
1866,ARPC5,10092
1867,ARPC4,10093
1868,ARPC3,10094
1869,ARPC2,10109
1870,ARPC1B,10095
1871,ARPC1A,10552
1872,ARNT,405
1873,ARNT2,9915
1874,ARMCX3,51566
1875,ARL6IP5,10550
1876,ARL1,400
1877,ARID5B,84159
1878,ARHGEF6,9459
1879,ARHGEF3,50650
1880,ARHGEF2,9181
1881,ARHGEF25,115557
1882,ARHGEF17,9828
1883,ARHGDIB,397
1884,ARHGAP31,57514
1885,ARHGAP30,257106
1886,ARHGAP25,9938
1887,ARHGAP18,93663
1888,ARHGAP15,55843
1889,ARFIP2,23647
1890,ARF6,382
1891,ARF5,381
1892,ARF4,378
1893,ARF3,377
1894,ARF1,375
1895,AQP1,358
1896,APOO,79135
1897,APOC4,346
1898,APOC3,345
1899,APOC2,344
1900,APOC1,341
1901,APOBEC3G,60489
1902,APOA2,336
1903,APH1B,83464
1904,APH1A,51107
1905,APEX1,328
1906,APCS,325
1907,APBA3,9546
1908,AP3S1,1176
1909,AP3M1,26985
1910,AP2S1,1175
1911,AP2M1,1173
1912,AP1S2,8905
1913,AP1S1,1174
1914,ANXA2,302
1915,ANLN,54443
1916,ANK2,287
1917,ANGPT1,284
1918,ANAPC13,25847
1919,AMIGO2,347902
1920,AMELX,265
1921,AFG3L2,10939
1922,AFDN,4301
1923,ADRM1,11047
1924,ADRA2A,150
1925,ADORA3,140
1926,ADM,133
1927,ADIPOR1,51094
1928,ADD3,120
1929,ADAMTS3,9508
1930,ADAMTS2,9509
1931,ADAMTS1,9510
1932,ADAM9,8754
1933,ADAM10,102
1934,ACTN1,87
1935,ACTB,60
1936,ACTA2,59
1937,ACOT13,55856
1938,ACAN,176
1939,ABR,29
1940,ABL2,27
1941,ABI1,10006
1942,ABHD17A,81926
1943,ABCE1,6059
1944,ABCD4,5826
1945,POFUT2,23275
1946,CEL,1056
1947,ATPAF1,64756
1948,FKBP8,23770
1949,LOX,4015
1950,UBLCP1,134510
1951,TFB2M,64216
1952,SULT1C3,442038
1953,SULF2,55959
1954,SULF1,23213
1955,SSU72,29101
1956,SSH2,85464
1957,SPTSSA,171546
1958,SMPD2,6610
1959,SMDT1,91689
1960,SLC8A1,6546
1961,SLC24A1,9187
1962,SLC1A3,6507
1963,SLC10A1,6554
1964,SEPHS2,22928
1965,SDSL,113675
1966,SCNN1D,6339
1967,SCNN1B,6338
1968,SCNN1A,6337
1969,SCN7A,6332
1970,RTRAF,51637
1971,PPA2,27068
1972,PMM2,5373
1973,PLPP4,196051
1974,PLD6,201164
1975,PLD3,23646
1976,PLAAT4,5920
1977,PIP5KL1,138429
1978,PIP4P2,55529
1979,PIP4P1,90809
1980,PIN1,5300
1981,PDF,64146
1982,PCYOX1,51449
1983,PCNA,5111
1984,PCMT1,5110
1985,PARP8,79668
1986,PARK7,11315
1987,NAA20,51126
1988,MAGT1,84061
1989,LYPLA1,10434
1990,LPCAT1,79888
1991,FAR1,84188
1992,ELOVL7,79993
1993,DUSP23,54935
1994,DUSP14,11072
1995,DPYSL3,1809
1996,DIMT1,27292
1997,DHPS,1725
1998,CBR4,84869
1999,BMPR1B,658
2000,BMP2,650
2001,APIP,51074
2002,AGA,175
2003,ADPRH,141
2004,ACSM6,142827
2005,ACSM3,6296
2006,ACSL6,23305
2007,ACSBG1,23205
2008,ABHD14B,84836
2009,ABCB1,5243
2010,PPA1,5464
2011,ELOVL1,64834
2012,ELOVL5,60481
2013,UQCRQ,27089
2014,UQCRH,7388
2015,UQCRFS1,7386
2016,UQCRC1,7384
2017,UQCRB,7381
2018,UQCR11,10975
2019,UQCR10,29796
2020,TUSC3,7991
2021,TCIRG1,10312
2022,STARD3,10948
2023,SPTLC2,9517
2024,SMS,6611
2025,SLC24A3,57419
2026,SLC1A5,6510
2027,SLC17A5,26503
2028,SLC12A1,6557
2029,SLC11A2,4891
2030,SEC11C,90701
2031,SEC11A,23478
2032,SDHD,6392
2033,SDHC,6391
2034,SDHB,6390
2035,RRM2B,50484
2036,RPN2,6185
2037,RPN1,6184
2038,RPL36A,6173
2039,RPL14,9045
2040,PMVK,10654
2041,PLPP2,8612
2042,PLPP1,8611
2043,PLCXD2,257068
2044,PLCL1,5334
2045,PLA2G7,7941
2046,PIK3R5,23533
2047,PIGT,51604
2048,PIGK,10026
2049,PI4K2A,55361
2050,PHYH,5264
2051,PGK1,5230
2052,PGAM1,5223
2053,PDHA1,5160
2054,PDE6D,5147
2055,PCCB,5096
2056,PCBD1,5092
2057,PAPSS1,9061
2058,NME4,4833
2059,NME3,4832
2060,NME2,4831
2061,NME1,4830
2062,MCAT,27349
2063,MAN2B1,4125
2064,HEXB,3074
2065,HEPH,9843
2066,HCST,10870
2067,GUCY1A1,2982
2068,GPAT4,137964
2069,GCSH,2653
2070,ECI1,1632
2071,DPYSL2,1808
2072,DPM3,54344
2073,DPM1,8813
2074,DPEP1,1800
2075,CSGALNACT1,55790
2076,COX8A,1351
2077,COX7C,1350
2078,COX7B,1349
2079,COX7A2L,9167
2080,COX7A2,1347
2081,COX6C,1345
2082,COX6B1,1340
2083,COX6A1,1337
2084,COX5B,1329
2085,COX5A,9377
2086,COX4I1,1327
2087,COMTD1,118881
2088,CMPK1,51727
2089,CA9,768
2090,BLVRA,644
2091,B3GNT7,93010
2092,B3GNT4,79369
2093,B3GAT3,26229
2094,ATP2B4,493
2095,ASRGL1,80150
2096,ALDH3B1,221
2097,AGPAT2,10555
2098,ADCY7,113
2099,ACSS1,84532
2100,ACP5,54
2101,ACOT8,10005
2102,ACLY,47
2103,ABCD3,5825
2104,ABCD2,225
2105,ABCC1,4363
2106,LPL,4023
2107,PTDSS1,9791
2108,ELOVL2,54898
2109,SOAT1,6646
2110,NAT2,10
2111,LPCAT2,54947
2112,UROS,7390
2113,UROD,7389
2114,UGT2B4,7363
2115,UGT2B15,7366
2116,UGCG,7357
2117,TYMP,1890
2118,TXNRD2,10587
2119,TXNDC12,51060
2120,TECR,9524
2121,TAFAZZIN,6901
2122,SUCLG1,8802
2123,ST6GALNAC4,27090
2124,SGPP1,81537
2125,SEPHS1,22929
2126,SELENOI,85465
2127,RPIA,22934
2128,POLD4,57804
2129,POLD2,5425
2130,POLA2,23649
2131,POFUT1,23509
2132,PNPLA4,8228
2133,PNP,4860
2134,PLA2G4A,5321
2135,PLA2G12B,84647
2136,PLA2G12A,81579
2137,PKM,5315
2138,PIP4K2A,5305
2139,PIK3CG,5294
2140,PIGY,84992
2141,PIGP,51227
2142,PIGF,5281
2143,PHPT1,29085
2144,PHGDH,26227
2145,PGP,283871
2146,PGM1,5236
2147,PEMT,10400
2148,PDE4D,5144
2149,PDE3A,5139
2150,PDE1A,5136
2151,PCK2,5106
2152,NT5C,30833
2153,NIT2,56954
2154,NEU1,4758
2155,MTHFD1L,25902
2156,MCEE,84693
2157,MAT2B,27430
2158,LYPLA2,11313
2159,IMPDH1,3614
2160,HEXA,3073
2161,HAGH,3029
2162,GUK1,2987
2163,GSTP1,2950
2164,GSTO1,9446
2165,GSTK1,373156
2166,GSS,2937
2167,GCNT4,51301
2168,GBGT1,26301
2169,ECI2,10455
2170,ECHS1,1892
2171,DPAGT1,1798
2172,DHRS9,10170
2173,DHRS3,9249
2174,DGUOK,1716
2175,DERA,51071
2176,CSGALNACT2,55454
2177,CRLS1,54675
2178,COQ3,51805
2179,CDIPT,10423
2180,CBS,102724560
2181,BTD,686
2182,BPGM,669
2183,BLVRB,645
2184,B4GALT2,8704
2185,ASAH1,427
2186,ARG1,383
2187,APRT,353
2188,AMD1,262
2189,ADK,132
2190,ADCY3,109
2191,ACOT4,122970
2192,ACADS,35
2193,PDCD10,11235
2194,FZD7,8324
2195,FZD1,8321
2196,LAMP1,3916
2197,SORT1,6272
2198,LILRB2,10288
2199,MSN,4478
2200,AGTR2,186
2201,NUP62,23636
2202,ATP6AP2,10159
2203,MYL9,10398
2204,STK38,11329
2205,TACC1,6867
2206,NDEL1,81565
2207,DSTN,11034
2208,TPRKB,51002
2209,PPP1R14B,26472
2210,NACA,4666
2211,IL1R2,7850
2212,CMKLR1,1240
2213,CCRL2,9034
2214,CALCRL,10203
2215,HSPA9,3313
2216,CD53,963
2217,FABP4,2167
2218,MYL12B,103910
2219,PSEN2,5664
2220,TPM1,7168
2221,MYL12A,10627
2222,NIFK,84365
2223,MOB1A,55233
2224,CXCR3,2833
2225,XCR1,2829
2226,FAP,2191
2227,FPR3,2359
2228,IL27RA,9466
2229,VPS28,51160
2230,LPAR1,1902
2231,PROCR,10544
2232,IRAG1,10335
2233,CRIP2,1397
2234,RGS2,5997
2235,F2RL1,2150
2236,KCNJ15,3772
2237,CHMP2A,27243
2238,KRT18,3875
2239,CD33,945
2240,TOP2A,7153
2241,SLC4A3,6508
2242,TNFRSF12A,51330
2243,CARD16,114769
2244,CIB1,10519
2245,GOLPH3,64083
2246,CANX,821
2247,SIVA1,10572
2248,ASGR2,433
2249,PTTG1,9232
2250,DAPP1,27071
2251,KRT8,3856
2252,NCF4,4689
2253,HCLS1,3059
2254,CARHSP1,23589
2255,GPC4,2239
2256,MPZL1,9019
2257,STMN2,11075
2258,LCP1,3936
2259,CLDN3,1365
2260,GJB1,2705
2261,GMFB,2764
2262,RGS10,6001
2263,SOX9,6662
2264,FXYD1,5348
2265,HMGN1,3150
2266,SNAPIN,23557
2267,TNFRSF21,27242
2268,MYH10,4628
2269,EIF6,3692
2270,ACTR2,10097
2271,NABP2,79035
2272,DCK,1633
2273,PROM1,8842
2274,SDCBP,6386
2275,FUNDC1,139341
2276,EMD,2010
2277,VCL,7414
2278,KCNA3,3738
2279,ENO1,2023
2280,FYB1,2533
2281,KIRREL1,55243
2282,ACTR3,10096
2283,YIF1A,10897
2284,PDIA6,10130
2285,MYDGF,56005
2286,KLHDC3,116138
2287,HDGF,3068
2288,DNAJB9,4189
2289,DNAJB11,51726
2290,SRPRB,58477
2291,PREB,10113
2292,KDELR3,11015
2293,ATP6V0D1,9114
2294,PMP22,5376
2295,RFC2,5982
2296,POLE4,56655
2297,POLE3,54107
2298,FZD2,2535
2299,APCDD1,147495
2300,PPFIA3,8541
2301,NEB,4703
2302,TPM4,7171
2303,TPM3,7170
2304,TPM2,7169
2305,MYL6,4637
2306,LMOD1,25802
2307,VDAC3,7419
2308,VDAC2,7417
2309,SLC1A7,6512
2310,SNRPG,6637
2311,SNRPF,6636
2312,SNRPE,6635
2313,SNRPD3,6634
2314,SNRPD2,6633
2315,SNRPD1,6632
2316,SNRPB,6628
2317,GEMIN7,79760
2318,ATP6V0E2,155066
2319,ATP6V1G1,9550
2320,ATP6V1F,9296
2321,ATP6V1E1,529
2322,ATP6V1C1,528
2323,ATP6V1B2,526
2324,ATP6V1A,523
2325,ATP6V0E1,8992
2326,ATP6V0B,533
2327,FTL,2512
2328,EPB41L3,23136
2329,CLIC5,53405
2330,MTMR2,8898
2331,TOMM20,9804
2332,PTRH2,51651
2333,MUL1,79594
2334,SNX3,8724
2335,SLC9A9,285195
2336,SLC9A6,10479
2337,FXYD2,486
2338,ATP1B3,483
2339,ATP1A1,476
2340,SLC4A7,9497
2341,PAM,5066
2342,NECAP2,55707
2343,FCHO2,115548
2344,VAPA,9218
2345,VPS25,84313
2346,RAD51C,5889
2347,VAMP8,8673
2348,VAMP7,6845
2349,VTA1,51534
2350,RNASE1,6035
2351,ZMAT5,55954
2352,ZCRB1,85437
2353,ITPKC,80271
2354,PAIP1,10605
2355,VBP1,7411
2356,ALKAL2,285016
2357,GNG5,2787
2358,GNG12,55970
2359,GNG11,2791
2360,GNG10,2790
2361,GNB4,59345
2362,NCKAP1L,3071
2363,INPP5D,3635
2364,RGL1,23179
2365,ANKRD1,27063
2366,FABP1,2168
2367,TRAPPC6A,79090
2368,TRAPPC5,126003
2369,TRAPPC3,27095
2370,TRAPPC2L,51693
2371,GPS1,2873
2372,CTSC,1075
2373,LMAN2,10960
2374,CTSZ,1522
2375,TMED2,10959
2376,TMED10,10972
2377,WDR18,57418
2378,RAB13,5872
2379,RAB10,10890
2380,RAB33A,9363
2381,RAB1B,81876
2382,ZWINT,11130
2383,TREM2,54209
2384,TYROBP,7305
2385,DAGLA,747
2386,RHOQ,23433
2387,RHOF,54509
2388,RAC3,5881
2389,TMED9,54732
2390,TMED7,51014
2391,TMED3,23423
2392,SNAPC5,10302
2393,TMEM115,11070
2394,CAPZB,832
2395,CAPZA2,830
2396,CAPZA1,829
2397,YME1L1,10730
2398,RHOC,389
2399,SLC35A1,10559
2400,HSPA6,3310
2401,HSPA4,3308
2402,SSTR2,6752
2403,TRAM1,23471
2404,POLR3GL,84265
2405,POLR1D,51082
2406,POLR1C,9533
2407,SRSF8,10929
2408,SNRNP27,11017
2409,SNRPC,6631
2410,SNU13,4809
2411,SNRPB2,6629
2412,ZEB2,9839
2413,PER2,8864
2414,MLXIPL,51085
2415,NAMPT,10135
2416,SKAP2,8935
2417,TLR1,7096
2418,STON1,11037
2419,SNX2,6643
2420,SNRNP25,79622
2421,CDC42EP5,148170
2422,ACTR1A,10121
2423,DCTN3,11258
2424,DCTN2,10540
2425,UBD,10537
2426,SPRED1,161742
2427,PRICKLE1,144165
2428,TMEM129,92305
2429,TNPO1,3842
2430,HIKESHI,51501
2431,GDI2,2665
2432,TOMM40,10452
2433,TMEM11,8834
2434,MYLIP,29116
2435,VPS72,6944
2436,GAR1,54433
2437,LGALS3,3958
2438,ITGBL1,9358
2439,CLDN5,7122
2440,IMP4,92856
2441,IMP3,55272
2442,EMG1,10436
2443,QARS1,5859
2444,SLC7A7,9056
2445,DARS1,1615
2446,KARS1,3735
2447,SRP9,6726
2448,SRP14,6727
2449,SNF8,11267
2450,RND3,390
2451,FABP5,2171
2452,RNF113A,7737
2453,PQBP1,10084
2454,PPIL1,51645
2455,TIMM17B,10245
2456,PAM16,51025
2457,TIMM17A,10440
2458,FXN,2395
2459,ATP5MC1,516
2460,ATP5F1B,506
2461,NDUFB8,4714
2462,RCC2,55920
2463,RAB11A,8766
2464,CENPU,79682
2465,RACGAP1,29127
2466,PLGRKT,55848
2467,IGFBP3,3486
2468,RHOG,391
2469,RAB5C,5878
2470,RBM42,79171
2471,STOML2,30968
2472,SLC25A17,10478
2473,PXMP2,5827
2474,AGTRAP,57085
2475,ATOX1,475
2476,ATP6AP1,537
2477,P2RY13,53829
2478,P2RY12,64805
2479,S1PR4,8698
2480,LOXL4,84171
2481,LOXL1,4016
2482,UXT,8409
2483,PLAC8,51316
2484,OSR1,130497
2485,SERPINH1,871
2486,RIT1,6016
2487,UNC5C,8633
2488,SLC25A26,115286
2489,GEM,2669
2490,LFNG,3955
2491,MMGT1,93380
2492,GGPS1,9453
2493,NDC1,55706
2494,NXT1,29107
2495,TNXB,7148
2496,PRNP,5621
2497,SLC40A1,30061
2498,MEAF6,64769
2499,ENSA,2029
2500,MZT1,440145
2501,LSP1,4046
2502,ELK3,2004
2503,RAB2A,5862
2504,IER3,8870
2505,PRDX6,9588
2506,ZNHIT1,10467
2507,TUFM,7284
2508,STX10,8677
2509,FCGR2B,2213
2510,PRDX3,10935
2511,MED8,112950
2512,MED7,9443
2513,MED4,29079
2514,MED31,51003
2515,MED30,90390
2516,MED29,55588
2517,MED19,219541
2518,MED11,400569
2519,NAA38,84316
2520,LAMP2,3920
2521,GPNMB,10457
2522,METTL23,124512
2523,POLR1H,30834
2524,MLLT3,4300
2525,HNRNPH2,3188
2526,NIN,51199
2527,BCL2L12,83596
2528,DDX21,9188
2529,GPHN,10243
2530,HOMER1,9456
2531,RGS4,5999
2532,RGS1,5996
2533,RGS18,64407
2534,SPARC,6678
2535,FCN3,8547
2536,FCN1,2219
2537,MUC7,4589
2538,MUC4,4585
2539,MUC21,394263
2540,MUC16,94025
2541,LMCD1,29995
2542,EIF4G2,1982
2543,FAU,2197
2544,GPKOW,27238
2545,FAM32A,26017
2546,MFAP4,4239
2547,TMEM126B,55863
2548,NDUFAF4,29078
2549,NDUFAF3,25915
2550,NDUFAF2,91942
2551,NDUFAF1,51103
2552,NDUFS7,374291
2553,NDUFV2,4729
2554,NDUFS8,4728
2555,NDUFS6,4726
2556,NDUFS5,4725
2557,NDUFS4,4724
2558,NDUFS3,4722
2559,NDUFC2,4718
2560,NDUFC1,4717
2561,NDUFB9,4715
2562,NDUFB7,4713
2563,NDUFB6,4712
2564,NDUFB5,4711
2565,NDUFB4,4710
2566,NDUFB3,4709
2567,NDUFB2,4708
2568,NDUFB1,4707
2569,NDUFB11,54539
2570,NDUFB10,4716
2571,NDUFAB1,4706
2572,NDUFA9,4704
2573,NDUFA8,4702
2574,NDUFA7,4701
2575,NDUFA6,4700
2576,NDUFA3,4696
2577,NDUFA2,4695
2578,NDUFA1,4694
2579,NDUFA13,51079
2580,NDUFA12,55967
2581,NDUFA11,126328
2582,IFT52,51098
2583,IFT43,112752
2584,IFT20,90410
2585,GALNT1,2589
2586,KIF5B,3799
2587,EIF5A,1984
2588,EIF5A2,56648
2589,MTX2,10651
2590,MTX1,4580
2591,MICOS13,125988
2592,MICOS10,440574
2593,LAMC3,10319
2594,MRGBP,55257
2595,MORF4L2,9643
2596,CENPQ,55166
2597,ERLEC1,27248
2598,RNF5,6048
2599,TSEN34,79042
2600,STARD10,10809
2601,CDC34,997
2602,SUB1,10923
2603,CORO1C,23603
2604,HES6,55502
2605,PDCD5,9141
2606,CWC15,51503
2607,CRHBP,1393
2608,CIDEC,63924
2609,RHOBTB1,9886
2610,KIF9,64147
2611,KIF22,3835
2612,DCTN6,10671
2613,TOR1A,1861
2614,KLHL5,51088
2615,KBTBD8,84541
2616,FBXW5,54461
2617,FBXO6,26270
2618,FBXO2,26232
2619,DDA1,79016
2620,MSR1,4481
2621,SNAP29,9342
2622,TLR8,51311
2623,GNS,2799
2624,SSBP1,6742
2625,FH,2271
2626,ME2,4200
2627,OXSM,54995
2628,CTSA,5476
2629,DBI,1622
2630,MMACHC,25974
2631,DDOST,1650
2632,MGAT5,4249
2633,AGFG1,3267
2634,INPP5F,22876
2635,ALG3,10195
2636,ALOX5AP,241
2637,PTGS1,5742
2638,HPGDS,27306
2639,MGST3,4259
2640,MGST2,4258
2641,MGST1,4257
2642,DECR1,1666
2643,LMBRD1,55788
2644,SLC27A4,10999
2645,NDUFA4,4697
2646,NAGK,55577
2647,GM2A,2760
2648,GMPPA,29926
2649,TPMT,7172
2650,ESD,2098
2651,SPR,6697
2652,STN1,79991
2653,GLA,2717
2654,FUT4,2526
2655,DEGS1,8560
2656,GPX4,2879
2657,PRDX2,7001
2658,DBN1,1627
2659,NES,10763
2660,RGCC,28984
2661,IQGAP3,128239
2662,CDC42SE2,56990
2663,FMNL3,91010
2664,FMNL2,114793
2665,HYAL2,8692
2666,MKKS,8195
2667,CHMP2B,25978
2668,LEMD2,221496
2669,CFHR2,3080
2670,TRMT112,51504
2671,VTCN1,79679
2672,RNF181,51255
2673,GET3,439
2674,CYB5A,1528
2675,LILRB4,11006
2676,LILRA2,11027
2677,OXA1L,5018
2678,MTIF3,219402
2679,MRPS7,51081
2680,MRPS6,64968
2681,MRPS35,60488
2682,MRPS34,65993
2683,MRPS33,51650
2684,MRPS2,51116
2685,MRPS28,28957
2686,MRPS26,64949
2687,MRPS24,64951
2688,MRPS23,51649
2689,MRPS22,56945
2690,MRPS21,54460
2691,MRPS18C,51023
2692,MRPS18B,28973
2693,MRPS18A,55168
2694,MRPS17,51373
2695,MRPS16,51021
2696,MRPS15,64960
2697,MRPS14,63931
2698,MRPS12,6183
2699,MRPS11,64963
2700,MRPL9,65005
2701,MRPL58,3396
2702,MRPL57,78988
2703,MRPL55,128308
2704,MRPL54,116541
2705,MRPL53,116540
2706,MRPL52,122704
2707,MRPL51,51258
2708,MRPL50,54534
2709,MRPL4,51073
2710,MRPL49,740
2711,MRPL48,51642
2712,MRPL47,57129
2713,MRPL46,26589
2714,MRPL45,84311
2715,MRPL44,65080
2716,MRPL43,84545
2717,MRPL42,28977
2718,MRPL41,64975
2719,MRPL40,64976
2720,MRPL39,54148
2721,MRPL37,51253
2722,MRPL36,64979
2723,MRPL35,51318
2724,MRPL34,64981
2725,MRPL33,9553
2726,MRPL28,10573
2727,MRPL27,51264
2728,MRPL24,79590
2729,MRPL23,6150
2730,MRPL22,29093
2731,MRPL21,219927
2732,MRPL20,55052
2733,MRPL1,65008
2734,MRPL19,9801
2735,MRPL18,29074
2736,MRPL17,63875
2737,MRPL16,54948
2738,MRPL15,29088
2739,MRPL14,64928
2740,MRPL13,28998
2741,MRPL12,6182
2742,MRPL11,65003
2743,GADD45GIP1,90480
2744,CHCHD1,118487
2745,MRPL32,64983
2746,MAP9,79884
2747,PHLDA1,22822
2748,ENY2,56943
2749,HIGD1A,25994
2750,KCNS3,3790
2751,KCNN3,3782
2752,KCNK13,56659
2753,KCNJ16,3773
2754,SLC25A12,8604
2755,SCOC,60592
2756,CYTH3,9265
2757,CHCHD6,84303
2758,ATP5F1A,498
2759,TSPAN15,23555
2760,CAP1,10487
2761,GPX1,2876
2762,MMP19,4327
2763,SPON1,10418
2764,CFP,5199
2765,ADAMTSL2,9719
2766,ADAMTS12,81792
2767,TACSTD2,4070
2768,PLEK,5341
2769,NAPRT,93100
2770,GNPDA1,10007
2771,GPX8,493869
2772,GPX2,2877
2773,CACNA2D1,781
2774,NALCN,259232
2775,SLC6A6,6533
2776,SLC5A1,6523
2777,SLC38A2,54407
2778,SLC38A1,81539
2779,LDHB,3945
2780,RIDA,10247
2781,ZBTB8OS,339487
2782,TRIAP1,51499
2783,PRELID1,27166
2784,TMEM230,29058
2785,CHKB,1120
2786,MINPP1,9562
2787,CISD1,55847
2788,PPCS,79717
2789,NUDT5,11164
2790,ATP5PO,539
2791,ATP5PF,522
2792,ATP5PD,10476
2793,ATP5PB,515
2794,ATP5MG,10632
2795,ATP5MF,9551
2796,ATP5ME,521
2797,ATP5MC3,518
2798,ATP5MC2,517
2799,ATP5F1E,514
2800,ATP5F1D,513
2801,ATP5F1C,509
2802,DCTPP1,79077
2803,CYBB,1536
2804,HKDC1,80201
2805,HK2,3099
2806,HK1,3098
2807,AKR1B1,231
2808,FTSJ1,24140
2809,TSR3,115939
2810,GAMT,2593
2811,INMT,11185
2812,TPI1,7167
2813,ALG5,29880
2814,NANS,54187
2815,AKR1B10,57016
2816,RFK,55312
2817,KYAT3,56267
2818,IL4I1,259307
2819,TXN2,25828
2820,SQOR,58472
2821,GFUS,7264
2822,ENOPH1,58478
2823,TIMM9,26520
2824,TIMM10,26519
2825,GLO1,2739
2826,ACY1,95
2827,PRELP,5549
2828,OMD,4958
2829,FMOD,2331
2830,IDH3G,3421
2831,IDH3B,3420
2832,ENPP2,5168
2833,HSD17B10,3028
2834,AKR1A1,10327
2835,GGT5,2687
2836,HSD17B8,7923
2837,FSTL1,11167
2838,CHRDL1,91851
2839,ASPDH,554235
2840,GOLGA7,51125
2841,RDH14,57665
2842,ALDH1A1,216
2843,VNN2,8875
2844,MPST,4357
2845,SLC35A2,7355
2846,GLRX,2745
2847,CHAC2,494143
2848,SLC25A6,293
2849,SLC25A5,292
2850,SLCO3A1,28232
2851,STARD3NL,83930
2852,CYP27A1,1593
2853,SLC28A3,64078
2854,MTHFS,10588
2855,TMEM91,641649
2856,LAP3,51056
2857,SLC26A2,1836
2858,SLC25A11,8402
2859,MTHFD2,10797
2860,SPCS3,60559
2861,SPCS2,9789
2862,RBP1,5947
2863,ATP10A,57194
2864,SLC35B3,51000
2865,CHST15,51363
2866,SLC35B2,347734
2867,ACTR10,55860
2868,GGCT,79017
2869,SH3BGRL,6451
2870,CAMLG,819
2871,PKIA,5569
2872,SCAMP3,10067
2873,CHST13,166012
2874,CHST3,9469
2875,CHST11,50515
2876,SLC25A1,6576
2877,MDH1,4190
2878,XYLT1,64131
2879,MMAA,166785
2880,RBKS,64080
2881,CHST4,10164
2882,FARSA,2193
2883,GLS,2744
2884,PRDX4,10549
2885,PPT1,5538
2886,SRD5A3,79644
2887,SLC37A2,219855
2888,GDF7,151449
2889,CAB39,51719
2890,CLK3,1198
2891,BRD4,23476
2892,PPP2R3A,5523
2893,MCM3AP,8888
2894,NRK,203447
2895,CREBZF,58487
2896,PAN3,255967
2897,CPAMD8,27151
2898,LRPAP1,4043
2899,TAC4,255061
2900,SEMA4C,54910
2901,SIM2,6493
2902,AKAP13,11214
2903,CLK2,1196
2904,CDK3,1018
2905,MYCBP2,23077
2906,ERN1,2081
2907,TNK2,10188
2908,SPEN,23013
2909,MRTFB,57496
2910,SIK3,23387
2911,AKAP8L,26993
2912,CLK4,57396
2913,SIK2,23235
2914,PRKD2,25865
2915,SPATA13,221178
2916,FGD4,121512
2917,FERMT2,10979
2918,STRADA,92335
2919,TSSK4,283629
2920,MAGI3,260425
2921,ERC1,23085
2922,RPH3A,22895
2923,FER,2241
2924,NPVF,64111
2925,CALM3,808
2926,GHRH,2691
2927,IL11,3589
2928,MKNK1,8569
2929,PTPRF,5792
2930,MAP3K20,51776
2931,MAPK8IP3,23162
2932,ACVR1,90
2933,TAOK2,9344
2934,MAP3K4,4216
2935,SORBS2,8470
2936,NPAT,4863
2937,PRKD1,5587
2938,DDX17,10521
2939,INSR,3643
2940,DAPK1,1612
2941,ATAD2,29028
2942,CTDSP2,10106
2943,WNT7B,7477
2944,CFLAR,8837
2945,ACVR2B,93
2946,WNT3,7473
2947,EEF2K,29904
2948,SEMA4A,64218
2949,SEMA6A,57556
2950,NR2C1,7181
2951,MBD1,4152
2952,IAPP,3375
2953,PTPN3,5774
2954,LRIG1,26018
2955,SPOP,8405
2956,PSPN,5623
2957,IL1R1,3554
2958,FGF21,26291
2959,DEFB106B,503841
2960,LMAN1,3998
2961,TSC1,7248
2962,RB1CC1,9821
2963,TFPI,7035
2964,CAPN3,825
2965,ITGA10,8515
2966,F11,2160
2967,PTK2B,2185
2968,RBL2,5934
2969,VPS4A,27183
2970,IL6ST,3572
2971,ITGA5,3678
2972,MYLK,4638
2973,CAMKK2,10645
2974,VTN,7448
2975,TIRAP,114609
2976,EIF4G1,1981
2977,ERBB3,2065
2978,ITPR2,3709
2979,ITPR1,3708
2980,OPTN,10133
2981,TIAM1,7074
2982,PRKCQ,5588
2983,VHL,7428
2984,ELMO1,9844
2985,POLH,5429
2986,LIG3,3980
2987,CHEK1,1111
2988,KLRD1,3824
2989,TNKS,8658
2990,LRP6,4040
2991,LRP5,4041
2992,CLIP1,6249
2993,F7,2155
2994,KMT2A,4297
2995,PPP2R2D,55844
2996,RDX,5962
2997,CGN,57530
2998,GAB1,2549
2999,FGFR4,2264
3000,AKT2,208
3001,ERCC6,2074
3002,ERCC5,2073
3003,AKT1,207
3004,FGF5,2250
3005,CAND1,55832
3006,CTNND1,1500
3007,ERCC3,2071
3008,GNAQ,2776
3009,PRKCZ,5590
3010,PPFIA1,8500
3011,TRRAP,8295
3012,SORBS1,10580
3013,HNRNPK,3190
3014,GHRL,51738
3015,RAD50,10111
3016,ATM,472
3017,TRIO,7204
3018,SPAG9,9043
3019,RAD52,5893
3020,CABLES1,91768
3021,NCKAP1,10787
3022,ATG14,22863
3023,LCN1,3933
3024,APOD,347
3025,ITSN1,6453
3026,CTTN,2017
3027,PRKAA1,5562
3028,NUP153,9972
3029,GCKR,2646
3030,KLKB1,3818
3031,XAB2,56949
3032,WWP2,11060
3033,WWP1,11059
3034,WWOX,51741
3035,WRN,7486
3036,WNT9B,7484
3037,WNT11,7481
3038,WDR59,79726
3039,VAMP2,6844
3040,VAC14,55697
3041,UVSSA,57654
3042,UTP25,27042
3043,UTP14C,9724
3044,USP7,7874
3045,USP4,7375
3046,USP49,25862
3047,USP48,84196
3048,USP34,9736
3049,USP33,23032
3050,USP19,10869
3051,USP17L1,401447
3052,USP17L12,100287205
3053,USP16,10600
3054,UPF2,26019
3055,UPF1,5976
3056,UNKL,64718
3057,UNC80,285175
3058,UIMC1,51720
3059,UHRF2,115426
3060,UBR4,23352
3061,UBR2,23304
3062,UBOX5,22888
3063,UBE3D,90025
3064,UBE3B,89910
3065,UBE2O,63893
3066,UBE2B,7320
3067,U2SURP,23350
3068,TXK,7294
3069,TUBGCP6,85378
3070,TUBGCP4,27229
3071,TUBGCP3,10426
3072,TTC21B,79809
3073,TTBK2,146057
3074,TRPV1,7442
3075,TRPM7,54822
3076,TRPM3,80036
3077,THOC2,57187
3078,THOC1,9984
3079,THEM5,284486
3080,TFIP11,24144
3081,TFAP2C,7022
3082,TFAM,7019
3083,TET3,200424
3084,TERT,7015
3085,TENT4A,11044
3086,TEC,7006
3087,TCTN2,79867
3088,TCTN1,79600
3089,TCERG1,10915
3090,TBX6,6911
3091,TBCD,6904
3092,TBC1D8B,54885
3093,TBC1D14,57533
3094,TAX1BP1,8887
3095,TASP1,55617
3096,TAP2,6891
3097,TAF8,129685
3098,TAF4,6874
3099,TAF2,6873
3100,TAF1,6872
3101,TAF1C,9013
3102,TADA2A,6871
3103,TACR1,6869
3104,SZT2,23334
3105,SYT5,6861
3106,SYT2,127833
3107,SYT11,23208
3108,SYNE2,23224
3109,SYNE1,23345
3110,SYCP3,50511
3111,SUPT6H,6830
3112,SUPT5H,6829
3113,SUPT20H,55578
3114,SUN2,25777
3115,SUN1,23353
3116,SUMO2,6613
3117,SUFU,51684
3118,SUDS3,64426
3119,STIM1,6786
3120,STARD8,9754
3121,STARD13,90627
3122,STAM2,10254
3123,SRY,6736
3124,SRSF5,6430
3125,SRSF4,6429
3126,SRSF1,6426
3127,SRSF11,9295
3128,SRRM1,10250
3129,SMO,6608
3130,SMG6,23293
3131,SMG1,23049
3132,SMC5,23137
3133,SMARCC2,6601
3134,SMARCA4,6597
3135,SMARCA2,6595
3136,SMAD1,4086
3137,SLX4,84464
3138,SIN3B,23309
3139,SHPRH,257218
3140,SHANK2,22941
3141,SH3RF1,57630
3142,SH3GL1,6455
3143,SGK3,23678
3144,SF3B2,10992
3145,SF1,7536
3146,SETD6,79918
3147,SENP2,59343
3148,SEL1L,6400
3149,SECISBP2,79048
3150,SDCCAG8,10806
3151,SCT,6343
3152,SCN8A,6334
3153,SCFD1,23256
3154,SCARB2,950
3155,SCAP,22937
3156,SCAI,286205
3157,SAG,6295
3158,RTF1,23168
3159,RSPO1,284654
3160,RSC1A1,6248
3161,RRP1,8568
3162,RPS6KB1,6198
3163,RPGRIP1L,23322
3164,RPAP2,79871
3165,ROBO3,64221
3166,PNN,5411
3167,PLXNB1,5364
3168,PLXNA2,5362
3169,PLEKHG3,26030
3170,PLEKHA8,84725
3171,PKNOX1,5316
3172,PJA2,9867
3173,PITPNM3,83394
3174,PITPNM2,57605
3175,PICK1,9463
3176,PHF8,23133
3177,PHF20,51230
3178,PEX1,5189
3179,PEX14,5195
3180,PDS5B,23047
3181,PDS5A,23244
3182,PDCD7,10081
3183,PDCD11,22984
3184,PCSK6,5046
3185,PCSK2,5126
3186,PCSK1,5122
3187,PCOLCE,5118
3188,PAXIP1,22976
3189,PARD3,56288
3190,PACSIN3,29763
3191,PABPC1,26986
3192,P3H1,64175
3193,NSUN6,221078
3194,NSRP1,84081
3195,NSMAF,8439
3196,NSD2,7468
3197,NRXN1,9378
3198,NR6A1,2649
3199,NR3C2,4306
3200,NPY,4852
3201,NPRL3,8131
3202,NPPA,4878
3203,NPLOC4,55666
3204,NPHS1,4868
3205,NPFF,8620
3206,NPEPPS,9520
3207,NOP14,8602
3208,NOC2L,26155
3209,NIPBL,25836
3210,NINL,22981
3211,NGEF,25791
3212,NFRKB,4798
3213,NFIB,4781
3214,NFIA,4774
3215,NET1,10276
3216,NELFA,7469
3217,NEIL1,79661
3218,NCBP1,4686
3219,NCAPD3,23310
3220,NCALD,83988
3221,MCM8,84515
3222,MCM4,4173
3223,MCF2L,23263
3224,MC1R,4157
3225,MBTPS1,8720
3226,MBD5,55777
3227,MAU2,23383
3228,MARCHF6,10299
3229,MAPK12,6300
3230,MAP3K3,4215
3231,MAP2K5,5607
3232,MAGI2,9863
3233,LUC7L3,51747
3234,LTN1,26046
3235,LRRTM3,347731
3236,LRRTM2,26045
3237,LRRK2,120892
3238,LRRC7,57554
3239,HGS,9146
3240,HERC3,8916
3241,HERC2,8924
3242,HECTD1,25831
3243,HACE1,57531
3244,H3-4,8290
3245,H2AC25,92815
3246,H2AC17,8336
3247,H2AC15,8330
3248,H2AC11,8969
3249,GTF3C3,9330
3250,GTF3C2,2976
3251,GTF3C1,2975
3252,GRK7,131890
3253,GRIN1,2902
3254,GCNT7,140687
3255,GCN1,10985
3256,GCC2,9648
3257,GBF1,8729
3258,GAS8,2622
3259,EIF2AK4,440275
3260,EEFSEC,60678
3261,EEF1AKMT2,399818
3262,EDN1,1906
3263,ECE1,1889
3264,DYRK1A,1859
3265,DYNLT5,200132
3266,DYNLT2,6991
3267,DYNLT2B,255758
3268,DTX2,113878
3269,DST,667
3270,DSG3,1830
3271,DPH6,89978
3272,DPH1,1801
3273,DOCK9,23348
3274,DOCK5,80005
3275,DOCK4,9732
3276,DNMBP,23268
3277,DNAJC7,7266
3278,DNAJC11,55735
3279,DNA2,1763
3280,DMRT1,1761
3281,DLG5,9231
3282,DLG2,1740
3283,DLG1,1739
3284,DIS3L2,129563
3285,DIDO1,11083
3286,DIAPH2,1730
3287,DHX35,60625
3288,DHX34,9704
3289,DHX16,8449
3290,DGCR8,54487
3291,CSTF2,1478
3292,CSNK1D,1453
3293,CSNK1A1,1452
3294,CRY2,1408
3295,CRNKL1,51340
3296,CR1,1378
3297,CPSF7,79869
3298,COX11,1353
3299,CORIN,10699
3300,COPG2,26958
3301,COPG1,22820
3302,COP1,64326
3303,COL7A1,1294
3304,COL27A1,85301
3305,COL18A1,80781
3306,CNTNAP1,8506
3307,CNTN1,1272
3308,CNTF,1270
3309,CNOT6,57472
3310,CNOT4,4850
3311,CNOT2,4848
3312,CNOT1,23019
3313,CNOT10,25904
3314,CNKSR2,22866
3315,CNKSR1,10256
3316,CLU,1191
3317,CLPX,10845
3318,CHRNB4,1143
3319,CHRNA5,1138
3320,CDK12,51755
3321,CDH9,1007
3322,CDH8,1006
3323,CDH2,1000
3324,CDH18,1016
3325,CDC42EP3,10602
3326,CDC42BPB,9578
3327,CD9,928
3328,CCT7,10574
3329,CCT6B,10693
3330,CCP110,9738
3331,CCNH,902
3332,CCDC8,83987
3333,CCDC88A,55704
3334,CCAR1,55749
3335,CC2D2A,57545
3336,CBLB,868
3337,CATSPERG,57828
3338,C6,729
3339,C4B,721
3340,C4A,720
3341,C2CD5,9847
3342,C2CD3,26005
3343,C1S,716
3344,BTN1A1,696
3345,BSND,7809
3346,BRWD1,54014
3347,BRIP1,83990
3348,BRF1,2972
3349,BRD2,6046
3350,BRD1,23774
3351,BRCA2,675
3352,BRAF,673
3353,BMT2,154743
3354,BMS1,9790
3355,BMP1,649
3356,BIRC2,329
3357,BEST4,266675
3358,BEST3,144453
3359,BEST2,54831
3360,BEST1,7439
3361,BCL2L11,10018
3362,BBS1,582
3363,BAZ2A,11176
3364,BAP1,8314
3365,BAIAP2,10458
3366,BACE1,23621
3367,AUTS2,26053
3368,AURKB,9212
3369,ATXN7,6314
3370,ATXN3,4287
3371,ASB3,51130
3372,ASB16,92591
3373,ARIH2,10425
3374,ARID4A,5926
3375,ARID1B,57492
3376,ARHGEF7,8874
3377,ARHGEF1,9138
3378,ARHGEF12,23365
3379,ARHGEF11,9826
3380,ARHGEF10L,55160
3381,ARHGAP5,394
3382,ARHGAP42,143872
3383,ARHGAP35,2909
3384,ARHGAP29,9411
3385,ARFGAP2,84364
3386,ARFGAP1,55738
3387,APC,324
3388,AP4S1,11154
3389,AP4E1,23431
3390,AP4B1,10717
3391,AP2A2,161
3392,AP1G2,8906
3393,AOPEP,84909
3394,ANP32A,8125
3395,ANO1,55107
3396,ANKRD26,22852
3397,ANKFY1,51479
3398,ANGPT2,285
3399,AMER1,139285
3400,AMBRA1,55626
3401,AEBP2,121536
3402,ADRA1A,148
3403,ADORA2A,135
3404,ADGRG6,57211
3405,ADD1,118
3406,ADAMTS8,11095
3407,ADAM2,2515
3408,ADAM20,8748
3409,ADAM17,6868
3410,ADAM15,8751
3411,ACTL6A,86
3412,ACTG1,71
3413,ACSM2B,348158
3414,ACSM2A,123876
3415,ACSF2,80221
3416,ACKR4,51554
3417,ACIN1,22985
3418,ACBD3,64746
3419,ABCC9,10060
3420,ABCC3,8714
3421,ABCA9,10350
3422,ABCA6,23460
3423,ABCA5,23461
3424,ABCA12,26154
3425,AAAS,8086
3426,CA6,765
3427,UPP1,7378
3428,ST8SIA3,51046
3429,SSH1,54434
3430,SLC8B1,80024
3431,SLC16A1,6566
3432,SCNN1G,6340
3433,SCN9A,6335
3434,SCN3B,55800
3435,SCN3A,6328
3436,SCN11A,11280
3437,SCLT1,132320
3438,SACM1L,22908
3439,PLA2G4D,283748
3440,PI4KA,5297
3441,PHLPP1,23239
3442,PHKA2,5256
3443,PARP9,83666
3444,PARP15,165631
3445,PARP14,54625
3446,PARP12,64761
3447,PARP10,84875
3448,NTAQ1,55093
3449,NTAN1,123803
3450,NSUN2,54888
3451,NPR2,4882
3452,NME7,29922
3453,NAA25,80018
3454,LCLAT1,253558
3455,GBA2,57704
3456,DUSP19,142679
3457,DUSP16,80824
3458,DHTKD1,55526
3459,DHFR2,200895
3460,DGKE,8526
3461,CDC25B,994
3462,CACNG8,59283
3463,CACNB2,783
3464,CACNA1D,776
3465,BPNT2,54928
3466,ASPH,444
3467,ARSG,22901
3468,ACER1,125981
3469,ABHD6,57406
3470,ABHD12,26090
3471,INPPL1,3636
3472,CA5B,11238
3473,SMPD3,55512
3474,SLC24A2,25769
3475,SLC16A2,6567
3476,SLC16A10,117247
3477,SLC13A5,284111
3478,SLC13A4,26266
3479,SLC12A6,9990
3480,SETDB2,83852
3481,SETDB1,9869
3482,PIP5K1A,8394
3483,PIK3C2A,5286
3484,PFKFB1,5207
3485,PDE6A,5145
3486,PDE5A,8654
3487,PAFAH1B2,5049
3488,NSF,4905
3489,MTAP,4507
3490,MOGAT1,116255
3491,MAT1A,4143
3492,MAN2C1,4123
3493,MAN2A1,4124
3494,HAS3,3038
3495,GYS1,2997
3496,ECHDC2,55268
3497,DUOX1,53905
3498,DOT1L,84444
3499,DGKD,8527
3500,DGAT2,84649
3501,DGAT1,8694
3502,CNDP2,55748
3503,BHMT2,23743
3504,BCAT1,586
3505,ADHFE1,137872
3506,ADCY6,112
3507,ADCY4,196883
3508,ADCY1,107
3509,ADCY10,55811
3510,ACSS3,79611
3511,ACAD9,28976
3512,ACAD11,84129
3513,ACAD10,80724
3514,ACACB,32
3515,ABCC4,10257
3516,ABCB11,8647
3517,ABCA1,19
3518,CA1,759
3519,XDH,7498
3520,TUT4,23318
3521,TH,7054
3522,TARS2,80222
3523,SYNJ2,8871
3524,SULT2B1,6820
3525,SULT1A2,6799
3526,ST3GAL3,6487
3527,ST3GAL1,6482
3528,SGMS1,259230
3529,SCLY,51540
3530,SARDH,1757
3531,PNPLA7,375775
3532,PLA2G6,8398
3533,PLA2G4E,123745
3534,PIK3C2G,5288
3535,PIGZ,80235
3536,PIGV,55650
3537,PIGN,23556
3538,PIGL,9487
3539,PIGG,54872
3540,PGS1,9489
3541,PFAS,5198
3542,PDE8A,5151
3543,PDE3B,5140
3544,PAICS,10606
3545,NNT,23530
3546,MTHFD1,4522
3547,MAN2A2,4122
3548,HGSNAT,138050
3549,H6PD,9563
3550,GSTM2,2946
3551,GCNT2,2651
3552,DPYD,1806
3553,DLST,1743
3554,DLD,1738
3555,CPS1,1373
3556,CPOX,1371
3557,C1GALT1,56913
3558,BDH1,622
3559,BCAT2,587
3560,BBOX1,8424
3561,B3GNT6,192134
3562,B3GALNT1,8706
3563,ASPG,374569
3564,AMT,275
3565,ADH1B,125
3566,ACSM5,54988
3567,ACER3,55331
3568,ACADL,33
3569,ABO,28
3570,ABAT,18
3571,AASS,10157
3572,AARS2,57505
3573,RSRP1,57035
3574,HSPD1,3329
3575,LMBR1L,55716
3576,SCTR,6344
3577,SORL1,6653
3578,VLDLR,7436
3579,PLXNB2,23654
3580,CEP250,11190
3581,TSHR,7253
3582,JUP,3728
3583,VIPR1,7433
3584,NPFFR2,10886
3585,NPFFR1,64106
3586,GHRHR,2692
3587,CMKLR2,2825
3588,IL11RA,3590
3589,EIF4E,1977
3590,ZNF567,163081
3591,LGR4,55366
3592,KIF13B,23303
3593,HINFP,25988
3594,ARFIP1,27236
3595,CERT1,10087
3596,MAP3K12,7786
3597,MOB1B,92597
3598,IL12RB2,3595
3599,LARP4B,23185
3600,CUL3,8452
3601,ATG16L1,55054
3602,GTF2I,2969
3603,ORC2,4999
3604,XRCC3,7517
3605,F11R,50848
3606,CASR,846
3607,DDX3X,1654
3608,RAPGEF2,9693
3609,LIG4,3981
3610,REV1,51455
3611,CDK13,8621
3612,DCTN1,1639
3613,XPC,7508
3614,MORC2,22880
3615,CYTH1,9267
3616,ELAVL1,1994
3617,ATXN1,6310
3618,HTT,3064
3619,AICDA,57379
3620,GFAP,2670
3621,TPH2,121278
3622,CAD,790
3623,EWSR1,2130
3624,KCNC4,3749
3625,FBXO31,79791
3626,DAB1,1600
3627,PRKAB2,5565
3628,NXF1,10482
3629,EXTL2,2135
3630,CUL7,9820
3631,EXTL3,2137
3632,XRCC2,7516
3633,POLN,353497
3634,POLM,27434
3635,POLL,27343
3636,REV3L,5980
3637,POLE,5426
3638,RHO,6010
3639,MYH3,4621
3640,TSPOAP1,9256
3641,TNNT2,7139
3642,TMOD3,29766
3643,CALB1,793
3644,ZZZ3,26009
3645,FAN1,22909
3646,EME2,197342
3647,ERCC4,2072
3648,PUM1,9698
3649,SLC6A1,6529
3650,SLC6A13,6540
3651,MTMR12,54545
3652,RUFY1,80230
3653,MARCHF7,64844
3654,RNF123,63891
3655,WBP11,51729
3656,WDR33,55339
3657,AKAP1,8165
3658,SLC9A7,84679
3659,ATP1A4,480
3660,ZNF131,7690
3661,DCUN1D2,55208
3662,REPS1,85021
3663,KDM4A,9682
3664,TOP3A,7156
3665,EPS15L1,58513
3666,VPS4B,9525
3667,ZC3H11A,9877
3668,INPP5B,3633
3669,WDR19,57728
3670,UBTF,7343
3671,ERLIN2,11160
3672,TIAM2,26230
3673,SLC27A1,376497
3674,VTI1A,143187
3675,VPS54,51542
3676,VPS53,55275
3677,VPS52,6293
3678,CBFA2T2,9139
3679,NOTO,344022
3680,TDRD12,91646
3681,GLYATL3,389396
3682,ZC3H8,84524
3683,RAB33B,83452
3684,KMT2B,9757
3685,WAPL,23063
3686,RHOJ,57381
3687,NABP1,64859
3688,INTS8,55656
3689,INTS4,92105
3690,INTS3,65123
3691,INTS1,26173
3692,INTS10,55174
3693,ICE2,79664
3694,ELL2,22936
3695,SNAPC4,6621
3696,STXBP3,6814
3697,TMC1,117531
3698,MYO7A,4647
3699,MYO15A,51168
3700,LHFPL5,222662
3701,HTR3B,9177
3702,ZNF84,7637
3703,RHOB,388
3704,POLR3E,55718
3705,POLR3A,11128
3706,SNRNP70,6625
3707,SRRM2,23524
3708,SNRNP200,23020
3709,SPC25,57405
3710,POU3F1,5453
3711,PRKAG2,51422
3712,GLUD1,2746
3713,SNRNP48,154007
3714,ODF2,4957
3715,CKAP5,9793
3716,CEP78,84131
3717,CEP164,22897
3718,CEP152,22995
3719,CEP135,9662
3720,CENPJ,55835
3721,AKAP9,10142
3722,CLASP1,23332
3723,TPP2,7174
3724,ZSWIM8,23053
3725,LIMD1,8994
3726,IPO8,10526
3727,HNRNPC,3183
3728,STX17,55014
3729,SPTBN2,6712
3730,GNAT1,2779
3731,SLCO1A2,6579
3732,DDX52,11056
3733,IARS1,3376
3734,FMR1,2332
3735,TRIM41,90933
3736,PPP1R12B,4660
3737,KCNK3,3777
3738,SRGAP3,9901
3739,RBM17,84991
3740,RBM10,8241
3741,PRPF8,10594
3742,SPG7,6687
3743,RND2,8153
3744,LAMB3,3914
3745,KLK2,3817
3746,RAB11FIP3,9727
3747,LPIN3,64900
3748,SAFB,6294
3749,L3MBTL2,83746
3750,PPL,5493
3751,ALDH7A1,501
3752,PRPF3,9129
3753,RBM5,10181
3754,RBM39,9584
3755,RBM25,58517
3756,PRPF40A,55660
3757,ZC3HAV1,56829
3758,TRAK1,22906
3759,KDM7A,80853
3760,CLCN6,1185
3761,RHOV,171177
3762,HLCS,3141
3763,THBS3,7059
3764,IFT122,55764
3765,RNPC3,55599
3766,HTR1D,3352
3767,GPR18,2841
3768,OXER1,165140
3769,TAS2R46,259292
3770,TAS2R30,259293
3771,TAS2R13,50838
3772,HCAR1,27198
3773,GPR17,2840
3774,TLL2,7093
3775,REPS2,9185
3776,TNKS1BP1,85456
3777,NUP160,23279
3778,NTSR1,4923
3779,PPARGC1B,133522
3780,NUP58,9818
3781,NUP54,53371
3782,NUP210,23225
3783,NUP188,23511
3784,CH25H,9023
3785,KLF15,28999
3786,NUMA1,4926
3787,RBFOX2,23543
3788,ATF6B,1388
3789,ING5,84289
3790,WDR83,84292
3791,RBSN,64145
3792,ATF7,11016
3793,MUC20,200958
3794,MED6,10001
3795,MED23,9439
3796,MED15,51586
3797,MED13,9969
3798,MED13L,23389
3799,KANSL3,55683
3800,OGT,8473
3801,MTF2,22823
3802,KMT2D,8085
3803,KMT2C,58508
3804,KDM4C,23081
3805,POLR1A,25885
3806,MLLT1,4298
3807,IWS1,55677
3808,RNMT,8731
3809,TIA1,7072
3810,IK,3550
3811,HNRNPM,4670
3812,HNRNPH1,3187
3813,DROSHA,29102
3814,MYBBP1A,10514
3815,HOMER2,9455
3816,GRIN3A,116443
3817,RGS17,26575
3818,FNBP1L,54874
3819,EPN2,22905
3820,EPC1,80314
3821,MT-ND4,4538
3822,MT-ND3,4537
3823,CCNL2,81669
3824,IFT81,28981
3825,IFT172,26160
3826,ERCC6L,54821
3827,KIF2A,3796
3828,TPRX1,284355
3829,PSIP1,11168
3830,XRN1,54464
3831,AHCTF1,25909
3832,CENPC,1060
3833,DDX46,9879
3834,TSEN2,80746
3835,MSH6,2956
3836,TARDBP,23435
3837,SHOX,6473
3838,CWF19L2,143884
3839,SLC2A3,6515
3840,KLC4,89953
3841,KLC1,3831
3842,KIF27,55582
3843,KIF1B,23095
3844,GOSR1,9527
3845,GOLGB1,2804
3846,LMO7,4008
3847,KLHL22,84861
3848,KLHL20,27252
3849,FBXW12,285231
3850,FBXO30,84085
3851,FBXO11,80204
3852,FBXL18,80028
3853,FBXL13,222235
3854,DCAF8,50717
3855,DCAF6,55827
3856,DCAF5,8816
3857,DCAF17,80067
3858,DCAF11,80344
3859,MIA2,4253
3860,GOLGA4,2803
3861,ZNF335,63925
3862,EXOC5,10640
3863,EXOC4,60412
3864,EXOC3,11336
3865,EPPIN,57119
3866,MTRR,4552
3867,MTHFR,4524
3868,PTDSS2,81490
3869,POMT1,10585
3870,CYP2A7,1549
3871,HSD17B4,3295
3872,KCNE4,23704
3873,MTMR3,8897
3874,FPGS,2356
3875,SLC22A5,6584
3876,HDLBP,3069
3877,FUT2,2524
3878,FUT1,2523
3879,CELF1,10658
3880,MSH5,4439
3881,GINS3,64785
3882,WDR91,29062
3883,KCTD3,51133
3884,IQGAP2,10788
3885,SH3PXD2A,9644
3886,LONP2,83752
3887,KIFC3,3801
3888,OBSL1,23363
3889,CUL9,23113
3890,CHMP3,51652
3891,MPHOSPH6,10200
3892,EXOSC10,5394
3893,DDX23,9416
3894,VARS1,7407
3895,NAPG,8774
3896,NAPB,63908
3897,ITFG2,55846
3898,DEPDC5,9681
3899,SPIDR,23514
3900,FOXK1,221937
3901,GGA1,26088
3902,TNS2,23371
3903,PTCD3,55037
3904,TTLL7,79739
3905,KCNJ14,3770
3906,KCNV1,27012
3907,KCNS2,3788
3908,KCNJ6,3763
3909,KCNK6,9424
3910,RIMKLA,284716
3911,GPT,2875
3912,GK2,2712
3913,ZRANB1,54764
3914,PPP6R3,55291
3915,PPP6R1,22870
3916,STAR,6770
3917,INO80,54617
3918,INO80C,125476
3919,THSD7A,221981
3920,THSD4,79875
3921,ADAMTSL3,57188
3922,GALNT10,55568
3923,GALNT11,63917
3924,TPCN2,219931
3925,TPCN1,53373
3926,MFSD4B,91749
3927,SLC20A2,6575
3928,SLC9A4,389015
3929,SLC5A5,6528
3930,KCNT2,343450
3931,KCNJ13,3769
3932,DDHD2,23259
3933,CARS2,79587
3934,PRMT9,90826
3935,PRMT7,54496
3936,PRMT2,3275
3937,ATE1,11101
3938,VPS9D1,9605
3939,ENPP1,5167
3940,CTPS1,1503
3941,TYW5,129450
3942,RIOX2,84864
3943,D2HGDH,728294
3944,L2HGDH,79944
3945,SLC6A20,54716
3946,CARNS1,57571
3947,CYP2U1,113612
3948,TRMT44,152992
3949,TRMT2B,79979
3950,METTL14,57721
3951,KMT5B,51111
3952,ENTPD4,9583
3953,IMPA1,3612
3954,NAGLU,4669
3955,GNE,10020
3956,MIOX,55586
3957,GK5,256356
3958,PLEKHA5,54477
3959,MTMR1,8776
3960,MTMR9,66036
3961,SLCO2B1,11309
3962,SLC7A2,6542
3963,NADSYN1,55191
3964,GLRA3,8001
3965,CYP4F3,4051
3966,CYP4F11,57834
3967,SH2D3A,10045
3968,APBB2,323
3969,ANKS1A,23294
3970,FITM2,128486
3971,LIPG,9388
3972,TTLL3,26140
3973,G6PC3,92579
3974,OPLAH,26873
3975,CYP3A43,64816
3976,ESCO1,114799
3977,SLC29A2,3177
3978,KHK,3795
3979,METTL6,131965
3980,SLC22A4,6583
3981,KDM5C,8242
3982,GNAO1,2775
3983,PPP2R3B,28227
3984,SEMA4G,57715
3985,CRYAB,1410
3986,MAST3,23031
3987,BCOR,54880
3988,ARVCF,421
3989,SH3BP2,6452
3990,MKNK2,2872
3991,MARK2,2011
3992,ATG4B,23192
3993,WNT2,7472
3994,FZD8,8325
3995,SERPINF2,5345
3996,IGFBP4,3487
3997,HIPK2,28996
3998,IGF2,3481
3999,AIP,9049
4000,ERBIN,55914
4001,LRP1,4035
4002,PAK4,10298
4003,F12,2161
4004,SERPING1,710
4005,TAPBP,6892
4006,GP1BA,2811
4007,PXN,5829
4008,MDC1,9656
4009,WDTC1,23038
4010,USP13,8975
4011,U2AF2,11338
4012,TTN,7273
4013,TF,7018
4014,TEAD3,7005
4015,TCAP,8557
4016,TAF6,6878
4017,SYVN1,84447
4018,SYMPK,8189
4019,SMG7,9887
4020,SIX1,6495
4021,SHANK3,85358
4022,SFRP2,6423
4023,SF3A2,8175
4024,SF3A1,10291
4025,SETD1B,23067
4026,SETD1A,9739
4027,SESN2,83667
4028,SEC16A,9919
4029,SCRIB,23513
4030,SBF1,6305
4031,SAV1,60485
4032,S100A1,6271
4033,RYR1,6261
4034,RSPO3,84870
4035,PHF2,5253
4036,PAPPA,5069
4037,PAPPA2,60676
4038,NIPSNAP2,2631
4039,NFIX,4784
4040,NFIC,4782
4041,NEK6,10783
4042,MAP3K11,4296
4043,HECTD3,79654
4044,GZMH,2999
4045,GCGR,2642
4046,EDC4,23644
4047,EDC3,80153
4048,DVL3,1857
4049,DVL1,1855
4050,DOCK6,57572
4051,DNAJA4,55466
4052,DIAPH1,1729
4053,DES,1674
4054,CPSF1,29894
4055,CPN2,1370
4056,COG6,57511
4057,CNOT3,4849
4058,CHRNA1,1134
4059,CDK11B,984
4060,CAV3,859
4061,C5,727
4062,BRPF3,27154
4063,BIN1,274
4064,ASB5,140458
4065,ASB15,142685
4066,ASB10,136371
4067,ARID1A,8289
4068,ARHGEF40,55701
4069,ARHGAP6,395
4070,ARHGAP32,9743
4071,ARHGAP1,392
4072,ARAP1,116985
4073,AP1M1,8907
4074,ANTXR1,84168
4075,ANO8,57719
4076,ANO5,203859
4077,ANK1,286
4078,ADAMTS13,11093
4079,ACTN2,88
4080,ACTC1,70
4081,ACKR2,1238
4082,ABLIM2,84448
4083,ABL1,25
4084,ABCA2,20
4085,WDR4,10785
4086,SMPD4,55627
4087,SELENOO,83642
4088,SCN4A,6329
4089,PGAM2,5224
4090,PADI2,11240
4091,GTPBP3,84705
4092,DUSP29,338599
4093,DUSP26,78986
4094,CACNG6,59285
4095,CACNB1,782
4096,ATP2B2,491
4097,ALKBH7,84266
4098,AGPAT3,56894
4099,ADSS1,122622
4100,ACSF3,197322
4101,SLC19A1,6573
4102,SLC12A7,10723
4103,GYG1,2992
4104,COX6A2,1339
4105,CA3,761
4106,B3GNT8,374907
4107,AMPD1,270
4108,ABTB2,25841
4109,NAGS,162417
4110,UROC1,131669
4111,SI,6476
4112,SGSH,6448
4113,NT5C1A,84618
4114,ANPEP,290
4115,AMDHD1,144193
4116,AFMID,125061
4117,ACOX2,8309
4118,HSPB7,27129
4119,FZD5,7855
4120,PPP1R14C,81706
4121,ANKRD2,26287
4122,ZFP36L1,677
4123,CACNA1S,779
4124,PITX2,5308
4125,EPN1,29924
4126,PRPF19,27339
4127,ZNRF3,84133
4128,MYL3,4634
4129,MYL1,4632
4130,MYH6,4624
4131,ATP2A2,488
4132,ACTN3,89
4133,XIRP2,129446
4134,SLN,6588
4135,MYL2,4633
4136,MYH8,4626
4137,TNNT3,7140
4138,TNNT1,7138
4139,TNNI2,7136
4140,TNNC2,7125
4141,TNNC1,7134
4142,TMOD4,29765
4143,MYBPC2,4606
4144,MYBPC1,4604
4145,ATP2A1,487
4146,SORBS3,10174
4147,MYL11,29895
4148,PYGM,5837
4149,EPS8L2,64787
4150,MTMR7,9108
4151,SLC9A8,23315
4152,ATP1A2,477
4153,OCRL,4952
4154,TRIM63,84676
4155,CYP4A11,1579
4156,VPS51,738
4157,TRIP10,9322
4158,ZFHX3,463
4159,TRAPPC9,83696
4160,TFR2,7036
4161,TAS1R3,83756
4162,WDR24,84219
4163,INTS11,54973
4164,OTOGL,283310
4165,SRRT,51593
4166,PTPN23,25930
4167,PER1,5187
4168,CEP72,55722
4169,SPRED2,200734
4170,SREBF1,6720
4171,SALL1,6299
4172,SCARB1,949
4173,TRDN,10345
4174,PPP1R3A,5506
4175,TIMELESS,8914
4176,MYH14,79784
4177,POM121C,100101267
4178,PRCC,5546
4179,IGFBP5,3488
4180,RHOH,399
4181,MNT,4335
4182,SNTA1,6640
4183,STX16,8675
4184,PATL1,219988
4185,RANBP10,57610
4186,MED24,9862
4187,MED16,10025
4188,EYA4,2070
4189,ACTA1,58
4190,MUC6,4588
4191,MUC17,140453
4192,RGP1,9827
4193,FBXO32,114907
4194,GAK,2580
4195,PLEC,5339
4196,GGA3,23163
4197,KLHL41,10324
4198,KBTBD13,390594
4199,FEM1A,55527
4200,FBXO40,51725
4201,RAB39A,54734
4202,GANAB,23193
4203,PXDN,7837
4204,EML3,256364
4205,CHERP,10523
4206,WDR81,124997
4207,MYH2,4620
4208,KCNG2,26251
4209,RAPH1,65059
4210,ADAMTSL4,54507
4211,AGXT,189
4212,MGLL,11343
4213,ENTPD8,377841
4214,TYRP1,7306
4215,FTCD,10841
4216,QDPR,5860
4217,KMO,8564
4218,IVD,3712
4219,FKBP1B,2281
4220,SPHK2,56848
4221,ZDHHC8,29801
4222,SLCO1C1,53919
4223,SLC26A1,10861
4224,CLCN1,1180
4225,IDUA,3425
4226,LONP1,9361
4227,SLC45A3,85414
4228,RRAS2,22800
4229,CDK14,5218
4230,TNFRSF11B,4982
4231,CALCB,797
4232,ING1,3621
4233,TNFSF10,8743
4234,STK4,6789
4235,VASP,7408
4236,CXCR2,3579
4237,TSLP,85480
4238,IL27,246778
4239,IGF1,3479
4240,TSHB,7252
4241,TLR9,54106
4242,TNFSF14,8740
4243,PIP,5304
4244,KDR,3791
4245,FGR,2268
4246,OS9,10956
4247,NECTIN3,25945
4248,IL7R,3575
4249,USP12,219333
4250,TRPM1,4308
4251,TADA1,117143
4252,SYT1,6857
4253,ST13,6767
4254,SGF29,112869
4255,SERPINC1,462
4256,SEC24B,10427
4257,PMF1,11243
4258,PJVK,494513
4259,PIWIL2,55124
4260,PF4,5196
4261,PCOLCE2,26577
4262,NSMCE4A,54780
4263,NOB1,28987
4264,NEURL2,140825
4265,HAUS4,54930
4266,EGLN3,112399
4267,EGLN1,54583
4268,EFNA1,1942
4269,EAF1,85403
4270,CRLF1,9244
4271,COL6A6,131873
4272,CNTFR,1271
4273,CDC42EP2,10435
4274,CD4,920
4275,CD2AP,23607
4276,CCNG1,900
4277,CCL23,6368
4278,C4BPB,725
4279,B3GAT1,27087
4280,AZGP1,563
4281,ASH1L,55870
4282,ASB9,140462
4283,ARHGAP20,57569
4284,AQP11,282679
4285,APOF,319
4286,ADRA2B,151
4287,ADAM19,8728
4288,ACBD5,91452
4289,ABCG2,9429
4290,ABCB7,22
4291,TARS3,123283
4292,PIK3R4,30849
4293,PHKG2,5261
4294,NUDT1,4521
4295,NQO2,4835
4296,NMRK2,27231
4297,CRPPA,729920
4298,CNGA1,1259
4299,CERS5,91012
4300,ADPRS,54936
4301,ADI1,55256
4302,ADAL,161823
4303,AADAT,51166
4304,GLYAT,10249
4305,UCK2,7371
4306,THNSL1,79896
4307,SULT1E1,6783
4308,SOAT2,8435
4309,SLC17A2,10246
4310,SHMT2,6472
4311,PMM1,5372
4312,PGGHG,80162
4313,PECR,55825
4314,PCBD2,84105
4315,NMNAT1,64802
4316,MCCC1,56922
4317,CA2,760
4318,AUH,549
4319,AQP9,366
4320,NAT1,9
4321,TXNRD3,114112
4322,SAT2,112483
4323,PLAAT3,11145
4324,NUDT16,131870
4325,NMRK1,54981
4326,HAO2,51179
4327,HADH,3033
4328,GSTZ1,2954
4329,GCAT,23464
4330,DHRS4,10901
4331,COX15,1355
4332,CNDP1,84735
4333,BCKDHB,594
4334,BCHE,590
4335,ASPA,443
4336,ADH6,130
4337,RAMP1,10267
4338,IL1RL2,8808
4339,PPP1R1A,5502
4340,RGS14,10636
4341,THOP1,7064
4342,TOM1L1,10040
4343,PPIE,10450
4344,GEMIN6,79833
4345,GEMIN4,50628
4346,ESPNL,339768
4347,MTM1,4534
4348,DCUN1D4,23142
4349,DBT,1629
4350,AHCY,191
4351,YAF2,10138
4352,CETP,1071
4353,RCL1,10171
4354,CASTOR2,729438
4355,CASTOR1,652968
4356,RBM7,10179
4357,IDI1,3422
4358,MXI1,4601
4359,AGXT2,64902
4360,VSNL1,7447
4361,FBXO4,26272
4362,EPHA7,2045
4363,MME,4311
4364,CTNNBL1,56259
4365,KLHL2,11275
4366,CHRNE,1145
4367,CHRND,1144
4368,DEFA1,1667
4369,DEFA1B,728358
4370,LCAT,3931
4371,CYP2C19,1557
4372,AKR1D1,6718
4373,SLC7A9,11136
4374,KICS2,144577
4375,CA14,23632
4376,KCNN2,3781
4377,KCNH7,90134
4378,PSAT1,29968
4379,OVGP1,5016
4380,TMEM37,140738
4381,SLC34A1,6569
4382,ENO3,2027
4383,ENO2,2026
4384,NUDT9,53343
4385,ASS1,445
4386,MOCS1,4337
4387,KYNU,8942
4388,OAT,4942
4389,GANC,2595
4390,HJV,148738
4391,SLC35A3,23443
4392,MMUT,4594
4393,RBP5,83758
4394,SLC2A11,66035
4395,OLAH,55301
4396,FAM83D,81610
4397,CHST7,56548
4398,HIBADH,11112
4399,GPD1L,23171
4400,AGL,178
4401,SLC37A4,2542
4402,MAP3K2,10746
4403,TNFRSF10B,8795
4404,SETD2,29072
4405,SEC16B,111240474
4406,PNPLA5,150379
4407,PITRM1,10531
4408,PDK2,5164
4409,NOL9,79707
4410,GRPEL2,134266
4411,EBNA1BP2,10969
4412,DYNC2H1,79659
4413,DSG4,147409
4414,CRLF2,64109
4415,CHTOP,26097
4416,ABCB8,11194
4417,ABCB10,23456
4418,NKAIN4,128414
4419,NKAIN2,154215
4420,NKAIN1,79570
4421,AHR,196
4422,HMOX2,3163
4423,CYP2A13,1553
4424,PON1,5444
4425,EPHX2,2053
4426,GRHPR,9380
