tf	module	database	p.value	adj_p.value	overlap	odds_ratio
YY1	MEbrown	ENCODE_and_ChEA_Consensus_TFs_from_ChIP-X	2.28866692909946e-22	3.96702267710573e-21	443/1341	1.96830632740368
SRF	MEbrown	ENCODE_and_ChEA_Consensus_TFs_from_ChIP-X	0.000109562184537645	0.00043824873815058	52/141	2.00050484680277
MAX	MEbrown	ENCODE_and_ChEA_Consensus_TFs_from_ChIP-X	1.08558766537696e-19	1.25445685776893e-18	337/977	2.01757488118224
SP2	MEbrown	ENCODE_and_ChEA_Consensus_TFs_from_ChIP-X	9.82516492626206e-05	0.000408726860932502	141/467	1.50460780687054
PML	MEbrown	ENCODE_and_ChEA_Consensus_TFs_from_ChIP-X	9.36711750191663e-21	1.39168602885618e-19	268/718	2.24196728396678
CREB1	MEbrown	ENCODE_and_ChEA_Consensus_TFs_from_ChIP-X	1.86258197573772e-18	1.76098659524294e-17	334/981	1.96886440589469
TRIM28	MEbrown	ENCODE_and_ChEA_Consensus_TFs_from_ChIP-X	0.0045489926471433	0.0134292299864717	17/40	2.50129377670753
ELF1	MEbrown	ENCODE_and_ChEA_Consensus_TFs_from_ChIP-X	6.06280702349517e-36	2.10177310147833e-34	437/1172	2.4598578318747
NR2C2	MEbrown	ENCODE_and_ChEA_Consensus_TFs_from_ChIP-X	6.87257940599598e-08	3.97082365679768e-07	67/161	2.46544217608478
NFYB	MEbrown	ENCODE_and_ChEA_Consensus_TFs_from_ChIP-X	7.50301811243031e-08	4.10691517733028e-07	451/1628	1.4269358005553
GABPA	MEbrown	ENCODE_and_ChEA_Consensus_TFs_from_ChIP-X	3.9415295489671e-56	4.09919073092578e-54	438/1020	3.23907150028379
FLI1	MEbrown	ENCODE_and_ChEA_Consensus_TFs_from_ChIP-X	1.67282194031649e-17	1.44977901494096e-16	141/323	2.78464028485298
BCL3	MEbrown	ENCODE_and_ChEA_Consensus_TFs_from_ChIP-X	0.00259622219620467	0.00818203358803896	41/119	1.78924368948484
MYC	MEbrown	ENCODE_and_ChEA_Consensus_TFs_from_ChIP-X	1.20915420488702e-32	3.14380093270625e-31	293/702	2.78577971399523
NELFE	MEbrown	ENCODE_and_ChEA_Consensus_TFs_from_ChIP-X	0.000454554457372367	0.00168834512738308	38/100	2.08892528702245
YY1	MEbrown	ENCODE_and_ChEA_Consensus_TFs_from_ChIP-X	5.37363540311425e-07	2.6612289615423e-06	65/162	2.31285724848194
SPI1	MEbrown	ENCODE_and_ChEA_Consensus_TFs_from_ChIP-X	0.000476914759603247	0.00171031499995647	199/711	1.35731352809951
EGR1	MEbrown	ENCODE_and_ChEA_Consensus_TFs_from_ChIP-X	0.00362094605354806	0.0110758349873235	75/247	1.49161079803706
NFYA	MEbrown	ENCODE_and_ChEA_Consensus_TFs_from_ChIP-X	2.2670289147056e-05	0.000102509133534514	281/1003	1.38621162687545
TAF7	MEbrown	ENCODE_and_ChEA_Consensus_TFs_from_ChIP-X	2.42014364761733e-12	1.57309337095126e-11	104/244	2.6172602404135
E2F1	MEbrown	ENCODE_and_ChEA_Consensus_TFs_from_ChIP-X	0.000378294513353758	0.00145713442180707	124/414	1.47958099551288
CREB1	MEbrown	ENCODE_and_ChEA_Consensus_TFs_from_ChIP-X	5.3554054344471e-05	0.000232067568826041	205/710	1.42727075943567
SIN3A	MEbrown	ENCODE_and_ChEA_Consensus_TFs_from_ChIP-X	9.52298396834023e-08	4.95195166353692e-07	160/486	1.73389732030237
BCLAF1	MEbrown	ENCODE_and_ChEA_Consensus_TFs_from_ChIP-X	4.52451561905804e-13	3.36106874558597e-12	144/368	2.29465761457291
BRCA1	MEbrown	ENCODE_and_ChEA_Consensus_TFs_from_ChIP-X	3.35576151729824e-20	4.36248997248771e-19	466/1459	1.87079856769037
KLF4	MEbrown	ENCODE_and_ChEA_Consensus_TFs_from_ChIP-X	0.0019361145991389	0.00649535220356276	128/446	1.38829171875341
SIX5	MEbrown	ENCODE_and_ChEA_Consensus_TFs_from_ChIP-X	2.32544351040927e-12	1.57309337095126e-11	181/502	2.02929952301193
ATF2	MEbrown	ENCODE_and_ChEA_Consensus_TFs_from_ChIP-X	4.81899988312267e-24	1.00235197568952e-22	429/1267	2.04477949304623
ZMIZ1	MEbrown	ENCODE_and_ChEA_Consensus_TFs_from_ChIP-X	0.00124902838932676	0.00432996508299943	131/453	1.4052456159371
TAF1	MEbrown	ENCODE_and_ChEA_Consensus_TFs_from_ChIP-X	9.73183124210874e-39	5.06055224589654e-37	566/1624	2.35205552755897
MYC	MEbrown	ENCODE_and_ChEA_Consensus_TFs_from_ChIP-X	2.70657933361265e-19	2.81484250695716e-18	140/308	3.00239064024
ZBTB33	MEbrown	ENCODE_and_ChEA_Consensus_TFs_from_ChIP-X	2.29885400505912e-08	1.40635774427146e-07	113/310	2.00967233828283
CTCF	MEbrown	ENCODE_and_ChEA_Consensus_TFs_from_ChIP-X	0.00224359300915551	0.00729167727975541	210/776	1.29075285885351
STAT5A	MEbrown	ENCODE_and_ChEA_Consensus_TFs_from_ChIP-X	0.0122266436948052	0.0343667822772903	27/78	1.79399006459389
SPI1	MEbrown	ENCODE_and_ChEA_Consensus_TFs_from_ChIP-X	0.00464857961070175	0.0134292299864717	151/548	1.31196776873451
NRF1	MEbrown	ENCODE_and_ChEA_Consensus_TFs_from_ChIP-X	8.44082896837844e-14	6.75266317470275e-13	298/909	1.81452810020079
KAT2A	MEbrown	ENCODE_and_ChEA_Consensus_TFs_from_ChIP-X	1.37254398116315e-06	6.48838972913489e-06	29/55	3.80492129632219
AR	MEred	ENCODE_and_ChEA_Consensus_TFs_from_ChIP-X	1.62070153092488e-05	0.000421382398040469	53/437	2.029183501808
NFE2L2	MEred	ENCODE_and_ChEA_Consensus_TFs_from_ChIP-X	1.152735095009e-09	5.9942224940468e-08	65/446	2.59726058021314
PPARD	MEred	ENCODE_and_ChEA_Consensus_TFs_from_ChIP-X	9.65053433957232e-05	0.00200731114263104	21/126	2.84120715138023
TP53	MEred	ENCODE_and_ChEA_Consensus_TFs_from_ChIP-X	0.00241341862871452	0.0278883930429233	20/149	2.18732934220238
TP63	MEred	ENCODE_and_ChEA_Consensus_TFs_from_ChIP-X	0.000790484797187246	0.0137017364845789	55/531	1.67835271018133
TCF3	MEred	ENCODE_and_ChEA_Consensus_TFs_from_ChIP-X	0.00147716208147265	0.0192031070591445	44/412	1.71970771809037
SUZ12	MEred	ENCODE_and_ChEA_Consensus_TFs_from_ChIP-X	1.10973072075634e-40	1.15411994958659e-38	114/438	6.31536888543267
SMAD4	MEred	ENCODE_and_ChEA_Consensus_TFs_from_ChIP-X	2.54519773917303e-07	8.8233521624665e-06	38/233	2.84818062973575
TRIM28	MEred	ENCODE_and_ChEA_Consensus_TFs_from_ChIP-X	0.00109127114225847	0.0162131712564116	14/82	2.89200672343596
AR	MEsalmon	ENCODE_and_ChEA_Consensus_TFs_from_ChIP-X	6.23691704339408e-06	0.000269268373061588	23/437	3.3099162135475
TP63	MEsalmon	ENCODE_and_ChEA_Consensus_TFs_from_ChIP-X	0.000139738946713899	0.00363321261456137	23/531	2.65143354833696
SUZ12	MEsalmon	ENCODE_and_ChEA_Consensus_TFs_from_ChIP-X	1.27441881432804e-07	1.32539556690116e-05	26/438	3.88815168185782
MYOD1	MEsalmon	ENCODE_and_ChEA_Consensus_TFs_from_ChIP-X	7.76735691523812e-06	0.000269268373061588	9/72	7.85540189940669
IRF8	MEyellow	ENCODE_and_ChEA_Consensus_TFs_from_ChIP-X	4.68154987134745e-07	1.15978394604622e-05	23/65	4.24737339165073
VDR	MEyellow	ENCODE_and_ChEA_Consensus_TFs_from_ChIP-X	0.00248794072076296	0.0323432293699185	11/37	3.23413860361529
RELA	MEyellow	ENCODE_and_ChEA_Consensus_TFs_from_ChIP-X	3.96159297744243e-07	1.15978394604622e-05	50/210	2.4677280096924
NELFE	MEyellow	ENCODE_and_ChEA_Consensus_TFs_from_ChIP-X	5.57588435599145e-07	1.15978394604622e-05	30/100	3.34054861640698
IRF1	MEyellow	ENCODE_and_ChEA_Consensus_TFs_from_ChIP-X	0.0050580785893842	0.0478218339359961	25/126	1.90435784562797
SPI1	MEyellow	ENCODE_and_ChEA_Consensus_TFs_from_ChIP-X	4.8022649327706e-14	4.99435553008142e-12	148/711	2.25205910083507
TP53	MEyellow	ENCODE_and_ChEA_Consensus_TFs_from_ChIP-X	0.00355352810765809	0.0410629914662713	29/149	1.86335293106284
GATA2	MEyellow	ENCODE_and_ChEA_Consensus_TFs_from_ChIP-X	0.00115321613785023	0.0171334969052034	60/350	1.61763181346233
FOXM1	MEyellow	ENCODE_and_ChEA_Consensus_TFs_from_ChIP-X	0.00441536707261084	0.0459198175551527	9/29	3.43430048382335
RUNX1	MEyellow	ENCODE_and_ChEA_Consensus_TFs_from_ChIP-X	1.36803763378885e-05	0.000237126523190067	103/597	1.67619970016723
SPI1	MEyellow	ENCODE_and_ChEA_Consensus_TFs_from_ChIP-X	3.55659398431401e-11	1.84942887184329e-09	115/548	2.20635436505069
YY1	MEblue	ENCODE_and_ChEA_Consensus_TFs_from_ChIP-X	1.03381127134299e-08	1.07516372219671e-06	259/1341	1.60250678666074
BRCA1	MEblue	ENCODE_and_ChEA_Consensus_TFs_from_ChIP-X	0.00106358043312582	0.023397097694346	247/1459	1.2951570356667
SIX5	MEblue	ENCODE_and_ChEA_Consensus_TFs_from_ChIP-X	0.000948183730479288	0.023397097694346	97/502	1.47648200367446
ATF2	MEblue	ENCODE_and_ChEA_Consensus_TFs_from_ChIP-X	0.00128717878782639	0.023397097694346	217/1267	1.3042636099536
ZBTB33	MEblue	ENCODE_and_ChEA_Consensus_TFs_from_ChIP-X	0.00134983255928919	0.023397097694346	64/310	1.58937504093284
UBTF	MEblue	ENCODE_and_ChEA_Consensus_TFs_from_ChIP-X	0.000166962834304002	0.0086820673838081	146/776	1.4534616797149
ZBTB7A	MEmagenta	ENCODE_and_ChEA_Consensus_TFs_from_ChIP-X	1.64645371481473e-06	0.000171231186340732	84/1010	1.92576676952875
HNF4A	MEmagenta	ENCODE_and_ChEA_Consensus_TFs_from_ChIP-X	5.64025573330792e-06	0.000293293298132012	54/573	2.11485657171534
CREB1	MEmagenta	ENCODE_and_ChEA_Consensus_TFs_from_ChIP-X	0.000313535247331442	0.01086922190749	57/710	1.74905423103845
SP1	MEmagenta	ENCODE_and_ChEA_Consensus_TFs_from_ChIP-X	0.00169906466678488	0.0441756813364069	30/333	1.91607880601403
SUZ12	MEtan	ENCODE_and_ChEA_Consensus_TFs_from_ChIP-X	1.12966431452025e-07	5.8742544355053e-06	25/438	4.05285078493113
MYOD1	MEtan	ENCODE_and_ChEA_Consensus_TFs_from_ChIP-X	1.39238654043405e-16	1.44808200205141e-14	18/72	21.876957249086
ESR1	MEbrown	Transcription_Factor_PPIs	0.000200296033430384	0.0145214624237028	144/497	1.50014347005949
RAD21	MEbrown	Transcription_Factor_PPIs	4.49685025783536e-06	0.000434695524924085	52/130	2.3797606431385
ILF3	MEbrown	Transcription_Factor_PPIs	8.55694022108884e-24	2.48151266411576e-21	98/172	5.13328619785269
ILF2	MEbrown	Transcription_Factor_PPIs	3.69417446961066e-10	5.35655298093546e-08	56/115	3.44091773481837
SPI1	MEyellow	Transcription_Factor_PPIs	0.000846330207185579	0.0335851969061868	10/26	4.33291883224806
STAT3	MEyellow	Transcription_Factor_PPIs	1.69101173728853e-05	0.00163464467937891	34/129	2.57686170517881
STAT1	MEyellow	Transcription_Factor_PPIs	2.55304936034021e-06	0.00037019215724933	31/104	3.05761757659975
CDKN1B	MEyellow	Transcription_Factor_PPIs	0.000146743672679288	0.0106389162692484	17/52	3.40885417653457
NFKB1	MEyellow	Transcription_Factor_PPIs	0.000220917839254	0.012813234676732	34/145	2.19070641249932
STAT5A	MEyellow	Transcription_Factor_PPIs	0.000315860203911138	0.0152665765223717	17/55	3.1362121468136
MYBL2	MEyellow	Transcription_Factor_PPIs	0.000926488190515498	0.0335851969061868	8/18	5.52704123297744
ATF2	MEyellow	Transcription_Factor_PPIs	1.1980616554648e-07	3.47437880084792e-05	40/136	3.05387257949928
SNAI2	MEbrown	TRANSFAC_and_JASPAR_PWMs	0.00196273063345807	0.0319925093253665	124/466	1.38862496915289
HIF1A	MEbrown	TRANSFAC_and_JASPAR_PWMs	0.00253503548111079	0.0393534079448627	163/637	1.32199283512715
NR1I2	MEbrown	TRANSFAC_and_JASPAR_PWMs	2.65433967306802e-05	0.00143500153720295	150/530	1.53167382981444
PPARG	MEbrown	TRANSFAC_and_JASPAR_PWMs	0.000466829982707986	0.0117066595663695	336/1375	1.27448043098982
SNAI1	MEbrown	TRANSFAC_and_JASPAR_PWMs	0.00196273063345807	0.0319925093253665	124/466	1.38862496915289
TFAP2D	MEbrown	TRANSFAC_and_JASPAR_PWMs	0.000167278284981676	0.00572845682407199	138/498	1.47918291992653
PITX1	MEbrown	TRANSFAC_and_JASPAR_PWMs	1.56803872815256e-05	0.00102236125075547	164/583	1.52372517843557
NR1H3	MEbrown	TRANSFAC_and_JASPAR_PWMs	0.000117972115725448	0.00480736371581201	141/507	1.48830657786025
FOXF2	MEbrown	TRANSFAC_and_JASPAR_PWMs	2.65369645352512e-09	4.32552521924595e-07	173/552	1.80542464750758
APEX1	MEbrown	TRANSFAC_and_JASPAR_PWMs	0.00134180592751387	0.0278432632254502	138/521	1.38365643243238
CRX	MEbrown	TRANSFAC_and_JASPAR_PWMs	4.07457067974315e-07	4.42770013865422e-05	168/568	1.64706574369667
ELK4	MEbrown	TRANSFAC_and_JASPAR_PWMs	0.000245952223260879	0.0072891295257315	153/565	1.43477892917464
PLAU	MEbrown	TRANSFAC_and_JASPAR_PWMs	0.00139407984695937	0.0278432632254502	140/530	1.37871388601174
TCF3	MEbrown	TRANSFAC_and_JASPAR_PWMs	0.00196273063345807	0.0319925093253665	124/466	1.38862496915289
IKZF1	MEbrown	TRANSFAC_and_JASPAR_PWMs	3.08129164430081e-05	0.00143500153720295	147/519	1.53214603790071
GFI1	MEbrown	TRANSFAC_and_JASPAR_PWMs	8.75113976673208e-07	7.13217890988665e-05	166/566	1.62476286045258
CEBPD	MEbrown	TRANSFAC_and_JASPAR_PWMs	0.000409974511648943	0.0111376408997963	158/592	1.40576099190786
HMGA1	MEred	TRANSFAC_and_JASPAR_PWMs	3.3107257933058e-06	0.00107929660861769	60/439	2.0603165464781
GATA2	MEred	TRANSFAC_and_JASPAR_PWMs	0.000652128332634304	0.0332816023188985	255/2908	1.35813939527493
MYB	MEred	TRANSFAC_and_JASPAR_PWMs	0.000737955529060678	0.0332816023188985	57/495	1.6643963676539
ETS1	MEred	TRANSFAC_and_JASPAR_PWMs	0.000493884137248535	0.0332816023188985	146/1519	1.42255096823699
TCF4	MEred	TRANSFAC_and_JASPAR_PWMs	0.000628034557314098	0.0332816023188985	141/1466	1.41787548975518
CBEPA	MEsalmon	TRANSFAC_and_JASPAR_PWMs	2.41488407685678e-05	0.0078725220905531	26/489	2.77680657715672
TCF4	MEsalmon	TRANSFAC_and_JASPAR_PWMs	0.000326606905838035	0.0354912837677331	51/1466	1.89153639010382
GATA1	MEyellow	TRANSFAC_and_JASPAR_PWMs	0.000378922652030633	0.0411762615206621	144/923	1.41913178626036
PGR	MEyellow	TRANSFAC_and_JASPAR_PWMs	6.32276823955375e-06	0.00206122244609452	95/511	1.74874790648314
POU2F1	MEblue	TRANSFAC_and_JASPAR_PWMs	0.00166459142238747	0.030147600205462	96/504	1.4444835995501
POU1F1	MEblue	TRANSFAC_and_JASPAR_PWMs	0.000912743043971188	0.018597139520913	84/423	1.51980523604856
TBP	MEblue	TRANSFAC_and_JASPAR_PWMs	5.68710336871051e-09	1.85399569819963e-06	179/845	1.73931641851757
CRTC3	MEblue	TRANSFAC_and_JASPAR_PWMs	0.000451417174409317	0.00981079992382916	71/338	1.6285984154022
NFAT2	MEblue	TRANSFAC_and_JASPAR_PWMs	0.000976545692120961	0.0187266997430255	95/490	1.47843896054076
POU2F2	MEblue	TRANSFAC_and_JASPAR_PWMs	0.000129518175432751	0.00422229251910768	184/1008	1.4078149132451
LOC135440	MEblue	TRANSFAC_and_JASPAR_PWMs	6.19436640987849e-05	0.00252420431202548	24/74	2.90199328272423
HOXA5	MEblue	TRANSFAC_and_JASPAR_PWMs	0.00183352791983351	0.0314594790455644	155/874	1.3376188563693
GATA6	MEblue	TRANSFAC_and_JASPAR_PWMs	0.000441529201551036	0.00981079992382916	102/521	1.50201034930502
MYB	MEblue	TRANSFAC_and_JASPAR_PWMs	0.000242648748374273	0.00719122654272845	99/495	1.54383932343705
JUND	MEblue	TRANSFAC_and_JASPAR_PWMs	1.92022006746921e-05	0.00125198348398993	100/471	1.67455219516981
FOXC1	MEblue	TRANSFAC_and_JASPAR_PWMs	0.00288423287892011	0.0470129959263978	608/3956	1.2278499789947
CBEPB	MEblue	TRANSFAC_and_JASPAR_PWMs	3.0783776973223e-05	0.00143364447046724	174/922	1.47051545004048
FOXL1	MEblue	TRANSFAC_and_JASPAR_PWMs	2.66282760474166e-05	0.00143364447046724	298/1711	1.37259249122019
MEF2A	MEblue	TRANSFAC_and_JASPAR_PWMs	3.13410840729966e-07	5.10859670389845e-05	196/993	1.58455633315796
HOXD9	MEblue	TRANSFAC_and_JASPAR_PWMs	0.000428615815607992	0.00981079992382916	111/575	1.47908135880375
SNAI2	MEturquoise	TRANSFAC_and_JASPAR_PWMs	1.41476924393441e-05	0.00113877426871327	104/466	1.67604304107707
WT1	MEturquoise	TRANSFAC_and_JASPAR_PWMs	2.09590356204896e-05	0.00113877426871327	202/1034	1.44796893961777
TEAD4	MEturquoise	TRANSFAC_and_JASPAR_PWMs	0.00122937390166753	0.0289865189198947	105/526	1.44000974877896
SP3	MEturquoise	TRANSFAC_and_JASPAR_PWMs	0.00133176838157576	0.0289865189198947	106/533	1.43323472440256
MYCN	MEturquoise	TRANSFAC_and_JASPAR_PWMs	0.000904285668610356	0.0267997389060887	9/19	5.06286887191742
TFAP2A	MEturquoise	TRANSFAC_and_JASPAR_PWMs	9.66204289193305e-08	3.14982598277017e-05	241/1189	1.55591029338765
SNAI1	MEturquoise	TRANSFAC_and_JASPAR_PWMs	1.41476924393441e-05	0.00113877426871327	104/466	1.67604304107707
EGR1	MEturquoise	TRANSFAC_and_JASPAR_PWMs	0.000359292475311572	0.0117129346951572	65/286	1.68821902402495
FOXF2	MEturquoise	TRANSFAC_and_JASPAR_PWMs	0.00100141409461723	0.0272050829037681	110/552	1.43914313546258
TCFAP2A	MEturquoise	TRANSFAC_and_JASPAR_PWMs	7.34156865275606e-05	0.00299168922599809	114/540	1.55947747515644
PCBP1	MEturquoise	TRANSFAC_and_JASPAR_PWMs	0.000126058875190034	0.00456613259021679	113/541	1.53621181142496
CRX	MEturquoise	TRANSFAC_and_JASPAR_PWMs	0.00133373553312399	0.0289865189198947	112/568	1.41964171937371
TCF3	MEturquoise	TRANSFAC_and_JASPAR_PWMs	1.41476924393441e-05	0.00113877426871327	104/466	1.67604304107707
IKZF1	MEturquoise	TRANSFAC_and_JASPAR_PWMs	5.19302902544141e-05	0.002418467803277	111/519	1.5855817814924
SP1	MEturquoise	TRANSFAC_and_JASPAR_PWMs	1.78304918367509e-05	0.00113877426871327	118/546	1.61340976030002
MZF1	MEmagenta	TRANSFAC_and_JASPAR_PWMs	0.00167289170407143	0.0236732241928676	38/473	1.77758764058059
WT1	MEmagenta	TRANSFAC_and_JASPAR_PWMs	8.57722939988629e-10	2.79617678436293e-08	93/1034	2.27797423001171
TEAD4	MEmagenta	TRANSFAC_and_JASPAR_PWMs	3.3723871613384e-06	7.8528443899737e-05	50/526	2.21640786161147
CACYBP	MEmagenta	TRANSFAC_and_JASPAR_PWMs	4.30545855350463e-08	1.16964957370209e-06	49/443	2.65189921624389
SP3	MEmagenta	TRANSFAC_and_JASPAR_PWMs	5.75132334366011e-14	6.30487135758342e-12	68/533	3.31201008394632
TFAP2A	MEmagenta	TRANSFAC_and_JASPAR_PWMs	1.17681601694394e-10	4.79552526904656e-09	105/1189	2.29282555210792
SREBF2	MEmagenta	TRANSFAC_and_JASPAR_PWMs	0.00384420317376499	0.0391628198327308	36/463	1.70589652964999
KLF5	MEmagenta	TRANSFAC_and_JASPAR_PWMs	0.00178726660417839	0.0236732241928676	44/573	1.70101337261252
ZNF148	MEmagenta	TRANSFAC_and_JASPAR_PWMs	4.54051271104068e-11	2.4670119063321e-09	65/571	2.85454740552731
KLF4	MEmagenta	TRANSFAC_and_JASPAR_PWMs	5.84247193248516e-11	2.72092264284309e-09	61/520	2.93196078934549
ZNF281	MEmagenta	TRANSFAC_and_JASPAR_PWMs	0.00190939418802872	0.0239408655883601	31/365	1.87537713806274
RELB	MEmagenta	TRANSFAC_and_JASPAR_PWMs	0.00468714491402486	0.046303310362791	41/552	1.62841242050416
KLF13	MEmagenta	TRANSFAC_and_JASPAR_PWMs	4.82964837769035e-05	0.000874702983959474	46/517	2.03249243118306
TCFAP2A	MEmagenta	TRANSFAC_and_JASPAR_PWMs	1.11271771585949e-11	7.25491950740387e-10	64/540	2.99203059824473
PCBP1	MEmagenta	TRANSFAC_and_JASPAR_PWMs	3.63550553247926e-14	6.30487135758342e-12	69/541	3.3199891290214
HINFP	MEmagenta	TRANSFAC_and_JASPAR_PWMs	0.00339210868273999	0.0363936774698571	72/1082	1.48427857526703
GLI2	MEmagenta	TRANSFAC_and_JASPAR_PWMs	2.2735723681673e-05	0.00049412306134836	47/517	2.08906621934801
MZF1	MEmagenta	TRANSFAC_and_JASPAR_PWMs	7.34394966025716e-05	0.00119706379462192	63/799	1.81097300536435
REPIN1	MEmagenta	TRANSFAC_and_JASPAR_PWMs	0.00344617896989623	0.0363936774698571	43/576	1.64276761981874
KLF11	MEmagenta	TRANSFAC_and_JASPAR_PWMs	4.44977294164338e-12	3.62656494743935e-10	60/477	3.18506518147131
E2F6	MEmagenta	TRANSFAC_and_JASPAR_PWMs	5.83684635621635e-05	0.00100147995375081	48/552	1.98504065945298
SP1	MEmagenta	TRANSFAC_and_JASPAR_PWMs	5.80202885667186e-14	6.30487135758342e-12	69/546	3.28232121512473
ZBTB7A	MEmagenta	TRANSFAC_and_JASPAR_PWMs	2.77650766405222e-05	0.000532436175577073	47/521	2.06999015355375
NFKB1	MEmagenta	TRANSFAC_and_JASPAR_PWMs	7.50869986565752e-09	2.22530559654941e-07	106/1292	2.08296730808261
MYC	MEbrown	COLLECTRI	1.76164104704789e-09	2.0893062817988e-06	132/446	2.0571711340318
SMAD3	MEred	COLLECTRI	2.32599699689558e-11	2.75863243831816e-08	31/80	5.74337176771703
SMAD4	MEred	COLLECTRI	9.6884398689337e-06	0.00164149852636505	19/61	3.94527617931167
SP1	MEred	COLLECTRI	8.74949414259553e-05	0.0103769000531183	86/559	1.71631449078157
JUN	MEred	COLLECTRI	3.3122753487323e-07	0.000196417928179825	58/286	2.38053969492658
ETS1	MEred	COLLECTRI	0.000197310992984381	0.0172459286933885	24/105	2.58949956310388
RUNX2	MEred	COLLECTRI	7.90997663821592e-07	0.000312707743097469	18/48	5.23774230801823
SRF	MEred	COLLECTRI	0.000446165044145933	0.0303440062813809	15/55	3.2271018817499
FOXO1	MEred	COLLECTRI	0.00041779293107078	0.0303440062813809	24/110	2.43384700646839
HOXD3	MEred	COLLECTRI	7.56967124311945e-05	0.0099751445492663	5/6	42.1393541687348
ZEB1	MEred	COLLECTRI	0.000722378650880398	0.0450916357865343	9/25	4.78641147393211
SMAD7	MEred	COLLECTRI	0.00021811882833122	0.0172459286933885	12/36	4.28554524393626
SMAD2	MEred	COLLECTRI	1.43602140470277e-06	0.000364878485406927	17/45	5.28565542462312
TCF7L2	MEred	COLLECTRI	0.00017856163952895	0.0172459286933885	15/51	3.59154958672878
GLI1	MEred	COLLECTRI	1.53827354724674e-06	0.000364878485406927	25/86	3.62357433720873
TRPS1	MEred	COLLECTRI	0.000210581555417478	0.0172459286933885	6/10	12.683217670357
CTNNB1	MEred	COLLECTRI	2.85958203781447e-06	0.00056524404947466	34/142	2.82243457767227
GLI2	MEred	COLLECTRI	3.40419155651506e-05	0.00504671398253358	19/66	3.51830327765407
SP7	MEred	COLLECTRI	0.000460532978975427	0.0303440062813809	7/15	7.4152359643112
TLE5	MEred	COLLECTRI	0.000130434613574198	0.0140632228817272	4/4	Inf
SPI1	MEyellow	COLLECTRI	4.56146052315108e-17	5.40989218045718e-14	70/158	4.45013182863073
STAT5A	MEyellow	COLLECTRI	0.000130866815377131	0.0043280886887839	28/84	2.56884732121163
RELA	MEyellow	COLLECTRI	2.24325994842238e-12	5.32101259765788e-10	80/229	2.99747855958611
SP1	MEyellow	COLLECTRI	1.8295255993207e-05	0.00086792694431774	128/559	1.64649253551991
TP53	MEyellow	COLLECTRI	0.000278480404016909	0.00786375617057272	104/461	1.56822602905964
RUNX1	MEyellow	COLLECTRI	0.00094574430684785	0.0196073380478494	27/89	2.22664786655337
STAT1	MEyellow	COLLECTRI	9.99475368712289e-16	5.92688893646387e-13	64/144	4.42531709662469
STAT3	MEyellow	COLLECTRI	0.000159584096033253	0.00498070362882732	49/179	1.96716904568449
ETV4	MEyellow	COLLECTRI	0.000234277086471508	0.00694631561388021	13/28	4.38301177315119
CREB1	MEyellow	COLLECTRI	3.08217596984336e-05	0.00125075487444837	51/178	2.10855315010981
NFATC2	MEyellow	COLLECTRI	0.000880920425840823	0.0193476226860596	14/35	3.37069073360176
CEBPB	MEyellow	COLLECTRI	6.7634068936501e-06	0.000364609117084955	54/183	2.2117105199823
FOS	MEyellow	COLLECTRI	2.40105022426439e-07	2.37303797164797e-05	47/137	2.76110734705606
HBP1	MEyellow	COLLECTRI	5.31584343508926e-05	0.00203373881097286	13/25	5.48506827952677
JUN	MEyellow	COLLECTRI	6.76175678012764e-06	0.000364609117084955	76/286	1.94462812472288
MAFK	MEyellow	COLLECTRI	0.00204787261021065	0.0333774180129942	5/7	12.4876893027364
IRF1	MEyellow	COLLECTRI	6.08907878846893e-14	1.80541186078104e-11	42/79	6.06928981823263
ATF2	MEyellow	COLLECTRI	0.000434878872019981	0.0114614742714599	19/52	2.92832034691683
NR2C2	MEyellow	COLLECTRI	0.00154109759516877	0.0272797275801517	10/22	4.19252191052585
IRF3	MEyellow	COLLECTRI	0.000880920425840823	0.0193476226860596	14/35	3.37069073360176
ETS1	MEyellow	COLLECTRI	7.98822596411012e-08	1.18425449917933e-05	40/105	3.23641512297945
RARA	MEyellow	COLLECTRI	6.46634936797544e-05	0.0023965907345059	25/69	2.91466479060592
PPARG	MEyellow	COLLECTRI	4.06462113654653e-06	0.000267813370441344	46/145	2.44140892687163
IRF2	MEyellow	COLLECTRI	2.02515708467627e-07	2.27083170778659e-05	18/31	7.08354413242962
SP3	MEyellow	COLLECTRI	3.1637981647092e-05	0.00125075487444837	54/192	2.05912468198436
PPARA	MEyellow	COLLECTRI	0.000106099708147705	0.00370100746656406	32/100	2.42692578257153
NR3C1	MEyellow	COLLECTRI	6.10565687666252e-06	0.000364609117084955	39/117	2.60877356782656
REL	MEyellow	COLLECTRI	1.628449344836e-08	3.21890153829249e-06	25/48	5.62458571549119
EGR1	MEyellow	COLLECTRI	2.02624831316947e-07	2.27083170778659e-05	55/170	2.54885833440743
ETS2	MEyellow	COLLECTRI	0.00169179422395368	0.029506881611898	17/49	2.69122549552107
ENO1	MEyellow	COLLECTRI	0.000450612148342715	0.0116179566942274	6/8	15.0195797460121
NFKB1	MEyellow	COLLECTRI	1.23088454100065e-14	4.86609688542257e-12	72/180	3.71524318435921
ATF3	MEyellow	COLLECTRI	0.000991939530245333	0.0196073380478494	17/47	2.87329391957788
IRF8	MEyellow	COLLECTRI	6.030033159681e-08	1.02165990391167e-05	22/41	5.96168170514342
PAX5	MEyellow	COLLECTRI	0.0020544279215418	0.0333774180129942	12/30	3.36036321091506
CEBPA	MEyellow	COLLECTRI	0.000507624979625997	0.0128094303369454	30/99	2.23128429744147
STAT6	MEyellow	COLLECTRI	0.00130345880643507	0.0241547210067499	16/44	2.89353427953033
HIF1A	MEyellow	COLLECTRI	0.000381974420405938	0.0105353875023591	55/214	1.80721986179614
TP73	MEyellow	COLLECTRI	0.0015135484332092	0.0272797275801517	20/61	2.47800521826549
HIVEP2	MEyellow	COLLECTRI	0.000131375373352631	0.0043280886887839	5/5	Inf
ELF1	MEyellow	COLLECTRI	1.19592540824357e-05	0.000616681536598641	17/35	4.81200308073945
RELB	MEyellow	COLLECTRI	0.0020544279215418	0.0333774180129942	12/30	3.36036321091506
ID2	MEyellow	COLLECTRI	0.000821500087422454	0.0187365212246737	11/24	4.26440062186095
ELF2	MEyellow	COLLECTRI	0.00204787261021065	0.0333774180129942	5/7	12.4876893027364
JUND	MEyellow	COLLECTRI	0.000941963849582552	0.0196073380478494	15/39	3.16296592887076
GATA1	MEyellow	COLLECTRI	1.93281536501942e-05	0.000881661162658858	21/50	3.70514925015032
NR4A3	MEyellow	COLLECTRI	0.00244962835393687	0.037730639321677	7/13	5.84541451954527
POU2F2	MEyellow	COLLECTRI	0.0021919894367637	0.034206572000023	8/16	5.01744878425573
MITF	MEyellow	COLLECTRI	0.00217447494603924	0.034206572000023	17/50	2.60861810928877
JUNB	MEyellow	COLLECTRI	0.000555163372598228	0.0134372195898265	17/45	3.08083513159655
KLF5	MEyellow	COLLECTRI	0.000682992675109578	0.0162005862535992	15/38	3.30182945780528
IRF4	MEyellow	COLLECTRI	1.35864759541641e-06	0.000115096860583133	17/31	6.19636402635262
BCL6	MEyellow	COLLECTRI	1.34099981232474e-05	0.000662677407257142	19/42	4.21872987775181
RB1	MEyellow	COLLECTRI	0.00115052586167027	0.0218469800749765	9/18	5.02613899253613
CIITA	MEyellow	COLLECTRI	4.41312314011399e-07	4.02612618782707e-05	14/21	10.1648495736413
SATB1	MEyellow	COLLECTRI	0.00154109759516877	0.0272797275801517	10/22	4.19252191052585
NFKB2	MEyellow	COLLECTRI	6.38614720580824e-06	0.000364609117084955	18/37	4.83546095419949
ELK3	MEyellow	COLLECTRI	0.00116050568695069	0.0218469800749765	6/9	10.0069300877673
KLF6	MEyellow	COLLECTRI	0.000277762628817668	0.00786375617057272	12/25	4.66199901134261
TFDP1	MEyellow	COLLECTRI	0.0021919894367637	0.034206572000023	8/16	5.01744878425573
GATA2	MEyellow	COLLECTRI	0.0020544279215418	0.0333774180129942	12/30	3.36036321091506
KLF4	MEyellow	COLLECTRI	0.000944766683893528	0.0196073380478494	20/59	2.60727018788881
TBX21	MEyellow	COLLECTRI	0.00098634110523346	0.0196073380478494	10/21	4.57542087912988
RFX5	MEyellow	COLLECTRI	1.93357241579704e-06	0.000152881125675686	11/15	13.9028729037678
RFXANK	MEyellow	COLLECTRI	3.98054268009646e-06	0.000267813370441344	9/11	22.6645036719569
RFXAP	MEyellow	COLLECTRI	3.98054268009646e-06	0.000267813370441344	9/11	22.6645036719569
KLF2	MEyellow	COLLECTRI	0.000234277086471508	0.00694631561388021	13/28	4.38301177315119
IRF5	MEyellow	COLLECTRI	0.000103371880692952	0.00370100746656406	10/17	7.19957171470686
TRERF1	MEyellow	COLLECTRI	2.18724272891483e-05	0.000960766620923329	6/6	Inf
NFATC1	MEyellow	COLLECTRI	0.000991939530245333	0.0196073380478494	17/47	2.87329391957788
STAT2	MEyellow	COLLECTRI	0.000147792157922764	0.00473733781882157	13/27	4.69794879250957
GFI1	MEyellow	COLLECTRI	0.000522874162779236	0.012919349105337	11/23	4.62156740912654
EP300	MEyellow	COLLECTRI	0.000431255081350919	0.0114614742714599	14/33	3.72849605788864
ZNF300	MEyellow	COLLECTRI	0.000787689604683869	0.0183176445324523	4/4	Inf
ING4	MEyellow	COLLECTRI	0.00116050568695069	0.0218469800749765	6/9	10.0069300877673
AP1	MEyellow	COLLECTRI	2.10616768850358e-07	2.27083170778659e-05	69/232	2.28421576541485
NFKB	MEyellow	COLLECTRI	2.76807223709021e-05	0.00117247631185321	87/351	1.77511001391765
NKX2-5	MEtan	COLLECTRI	0.000374287330437635	0.0493227526554483	6/35	7.52204885402611
MYOD1	MEtan	COLLECTRI	8.48982754058186e-10	2.51723386578252e-07	15/74	10.3984331520074
SRF	MEtan	COLLECTRI	0.000126655515060394	0.0187766801077034	8/55	6.31878188822517
MEF2A	MEtan	COLLECTRI	1.32806599547608e-16	8.13413606732966e-14	19/57	21.9269138261874
MEF2C	MEtan	COLLECTRI	1.37169242282119e-16	8.13413606732966e-14	17/42	28.9753110596852
MYF5	MEtan	COLLECTRI	2.85006480695533e-06	0.000563362810174837	6/16	21.9046121673955
MYOG	MEtan	COLLECTRI	4.13186457695683e-13	1.63346379609027e-10	14/38	23.7422553638642
MYF6	MEtan	COLLECTRI	0.000113298882220147	0.0187766801077034	4/10	23.7259473487074
MEF2D	MEtan	COLLECTRI	1.82253822625344e-06	0.000432306067267316	6/15	24.3480248705249
